date,campaign_id,campaign_name,platform,target_audience,impressions,clicks,leads,applications,enrollments,cost,revenue,region
2024-01-01,AD004,Hackathon,YouTube,17–21 Age,285708,16956,4087,2547,1148,275457.87,4615838.04,West India
2024-01-02,AD004,Hackathon,YouTube,17–21 Age,140449,10082,1815,951,565,133025.86,3513169.9,North India
2024-01-03,AD004,Hackathon,YouTube,17–21 Age,140958,7474,1169,683,343,135765.61,1051924.88,North India
2024-01-04,AD004,Hackathon,YouTube,22–27 Age,257823,16841,3179,1584,698,229715.44,3850639.56,West India
2024-01-05,AD004,Hackathon,YouTube,25–35 Age,98595,7293,1340,854,368,52360.96,1543262.86,West India
2024-01-06,AD004,Hackathon,YouTube,22–27 Age,68114,5377,909,505,222,27454.35,1717163.91,North India
2024-01-07,AD004,Hackathon,YouTube,17–21 Age,175572,6855,1452,757,346,95497.97,2598807.52,East India
2024-01-08,AD004,Hackathon,YouTube,22–27 Age,231966,9373,1934,1247,553,175649.0,2558956.35,West India
2024-01-09,AD004,Hackathon,YouTube,17–21 Age,281339,12310,2329,1319,734,126723.85,4265725.03,West India
2024-01-10,AD004,Hackathon,YouTube,22–27 Age,98805,6952,1479,955,455,49446.12,3012430.04,North India
2024-01-11,AD004,Hackathon,YouTube,25–35 Age,144093,11451,1776,934,480,104177.45,1723113.84,North India
2024-01-12,AD004,Hackathon,YouTube,25–35 Age,158894,6588,1470,867,405,102314.09,3080880.49,Pan India
2024-01-13,AD004,Hackathon,YouTube,25–35 Age,66250,4921,871,392,210,51283.71,1495426.01,North India
2024-01-14,AD004,Hackathon,YouTube,25–35 Age,146445,6570,1466,803,436,60478.27,2107164.39,West India
2024-01-15,AD004,Hackathon,YouTube,22–27 Age,95097,7359,1754,1030,512,47007.7,2174797.75,South India
2024-01-16,AD004,Hackathon,YouTube,17–21 Age,234993,13461,2316,1322,778,118803.89,3598637.63,South India
2024-01-17,AD004,Hackathon,YouTube,25–35 Age,72601,4823,859,471,224,65231.88,1540858.24,West India
2024-01-18,AD004,Hackathon,YouTube,17–21 Age,64854,3268,774,379,187,29837.69,1134934.72,South India
2024-01-19,AD004,Hackathon,YouTube,25–35 Age,140767,7435,1316,748,419,134777.68,2166219.39,Pan India
2024-01-20,AD004,Hackathon,YouTube,22–27 Age,102564,4036,954,619,352,51435.05,2739137.65,West India
2024-01-21,AD004,Hackathon,YouTube,25–35 Age,99366,6149,1025,585,331,39928.53,2041493.6,East India
2024-01-22,AD004,Hackathon,YouTube,17–21 Age,130732,9877,1815,1127,550,65158.43,2707316.61,Pan India
2024-01-23,AD004,Hackathon,YouTube,22–27 Age,60282,3890,823,440,184,50617.5,1332250.53,East India
2024-01-24,AD004,Hackathon,YouTube,22–27 Age,227987,9955,2151,1233,739,116682.0,4318918.7,North India
2024-01-25,AD004,Hackathon,YouTube,22–27 Age,272168,16989,3561,1864,959,166206.38,4449882.89,West India
2024-01-26,AD004,Hackathon,YouTube,17–21 Age,264817,10684,1820,1080,558,178964.33,2959111.96,North India
2024-01-27,AD004,Hackathon,YouTube,22–27 Age,296970,16468,3817,2120,1220,288391.33,6571498.95,Pan India
2024-01-28,AD004,Hackathon,YouTube,25–35 Age,280154,13508,2070,1200,490,258351.31,2606824.76,West India
2024-01-29,AD004,Hackathon,YouTube,17–21 Age,246082,9319,1989,960,442,195337.39,2170310.94,East India
2024-01-30,AD004,Hackathon,YouTube,25–35 Age,162479,9378,2210,1154,604,157517.73,4429720.09,Pan India
2024-01-31,AD004,Hackathon,YouTube,22–27 Age,256182,17232,3397,1850,871,212839.26,3579677.63,South India
2024-02-01,AD004,Hackathon,YouTube,22–27 Age,269710,19961,3100,1479,780,108988.07,2698691.68,South India
2024-02-02,AD004,Hackathon,YouTube,17–21 Age,85354,4637,948,471,279,39467.1,1069477.66,Pan India
2024-02-03,AD004,Hackathon,YouTube,17–21 Age,96853,3046,699,327,162,53820.55,868489.67,North India
2024-02-04,AD004,Hackathon,YouTube,17–21 Age,251547,15827,2989,1925,804,123902.52,5851415.05,West India
2024-02-05,AD004,Hackathon,YouTube,17–21 Age,189912,12514,2711,1616,890,132682.38,5279956.64,North India
2024-02-06,AD004,Hackathon,YouTube,25–35 Age,202653,7479,1790,1010,592,93098.57,3172503.59,West India
2024-02-07,AD004,Hackathon,YouTube,17–21 Age,72831,5085,1192,648,367,65890.34,2806226.91,West India
2024-02-08,AD004,Hackathon,YouTube,25–35 Age,215776,15117,2292,1195,520,203852.45,3424734.79,East India
2024-02-09,AD004,Hackathon,YouTube,17–21 Age,72443,3074,557,275,119,67537.92,364638.44,South India
2024-02-10,AD004,Hackathon,YouTube,25–35 Age,155169,10534,1826,964,488,65548.51,2007650.15,South India
2024-02-11,AD004,Hackathon,YouTube,17–21 Age,145600,10817,2620,1253,628,143250.0,3766197.11,Pan India
2024-02-12,AD004,Hackathon,YouTube,22–27 Age,235449,17901,3572,1970,869,156170.05,3779197.39,East India
2024-02-13,AD004,Hackathon,YouTube,25–35 Age,92082,5873,1376,740,425,72924.97,2747864.33,North India
2024-02-14,AD004,Hackathon,YouTube,22–27 Age,69767,4894,1047,585,275,47791.5,2145764.47,Pan India
2024-02-15,AD004,Hackathon,YouTube,17–21 Age,131440,4550,1063,659,286,119990.61,1990223.55,East India
2024-02-16,AD004,Hackathon,YouTube,25–35 Age,281475,14540,2460,1239,519,112654.64,3920124.36,South India
2024-02-17,AD004,Hackathon,YouTube,17–21 Age,138904,6550,1548,797,435,128170.76,3043168.56,South India
2024-02-18,AD004,Hackathon,YouTube,25–35 Age,294254,13308,3157,1809,752,251733.22,4143706.82,Pan India
2024-02-19,AD004,Hackathon,YouTube,17–21 Age,176880,12551,2597,1551,905,165229.22,3242544.96,South India
2024-02-20,AD004,Hackathon,YouTube,25–35 Age,135158,10392,2062,977,480,101398.32,1965140.43,North India
2024-02-21,AD004,Hackathon,YouTube,22–27 Age,236532,17823,2773,1664,752,209088.36,2447521.69,Pan India
2024-02-22,AD004,Hackathon,YouTube,17–21 Age,279307,12903,2336,1311,548,265211.11,3931415.84,North India
2024-02-23,AD004,Hackathon,YouTube,17–21 Age,51984,2911,604,374,222,27007.8,1729748.62,South India
2024-02-24,AD004,Hackathon,YouTube,25–35 Age,103947,7149,1414,811,375,55023.96,1623225.67,South India
2024-02-25,AD004,Hackathon,YouTube,22–27 Age,61783,3786,675,431,230,48713.0,1095170.86,East India
2024-02-26,AD004,Hackathon,YouTube,25–35 Age,211522,8146,1649,828,347,139232.0,1343595.62,East India
2024-02-27,AD004,Hackathon,YouTube,22–27 Age,55880,1910,340,220,103,40730.48,486883.69,South India
2024-02-28,AD004,Hackathon,YouTube,17–21 Age,167535,11504,2177,1304,556,110296.86,4174012.5,West India
2024-02-29,AD004,Hackathon,YouTube,25–35 Age,206944,15993,2610,1657,747,170089.29,2704688.17,West India
2024-03-01,AD001,UG Admission,Google Ads,17–21 Age,86043,5121,1032,663,383,84842.24,2067523.93,Pan India
2024-03-01,AD004,Hackathon,YouTube,22–27 Age,238624,16826,3034,1553,882,121439.76,5523179.95,East India
2024-03-02,AD001,UG Admission,Google Ads,17–21 Age,106383,8132,1989,1180,597,68120.59,4167141.49,South India
2024-03-02,AD004,Hackathon,YouTube,25–35 Age,137353,10177,1561,926,440,62507.3,2300981.91,Pan India
2024-03-03,AD001,UG Admission,Google Ads,17–21 Age,190183,9911,2343,1331,712,170515.0,2633312.2,North India
2024-03-03,AD004,Hackathon,YouTube,17–21 Age,248339,16962,3496,1806,789,175686.4,2908345.21,East India
2024-03-04,AD001,UG Admission,Google Ads,17–21 Age,151825,7293,1728,1114,497,76965.64,3527269.49,West India
2024-03-04,AD004,Hackathon,YouTube,17–21 Age,56983,2037,418,208,123,53251.91,737803.26,Pan India
2024-03-05,AD001,UG Admission,Google Ads,17–21 Age,70110,3013,750,468,238,52948.0,1892177.59,South India
2024-03-05,AD004,Hackathon,YouTube,22–27 Age,161034,5095,881,462,224,84019.32,923164.11,South India
2024-03-06,AD001,UG Admission,Google Ads,17–21 Age,127872,7698,1526,763,381,116041.16,2303108.01,Pan India
2024-03-06,AD004,Hackathon,YouTube,17–21 Age,207444,12055,2103,1256,542,112399.62,2091662.03,North India
2024-03-07,AD001,UG Admission,Google Ads,17–21 Age,125458,8435,1509,693,366,66260.18,2398363.29,West India
2024-03-07,AD004,Hackathon,YouTube,25–35 Age,125186,5438,1013,516,288,70257.17,1655474.48,East India
2024-03-08,AD001,UG Admission,Google Ads,17–21 Age,52749,3113,594,267,132,47097.46,644765.61,West India
2024-03-08,AD004,Hackathon,YouTube,17–21 Age,153379,7139,1663,957,429,102014.36,1463624.77,South India
2024-03-09,AD001,UG Admission,Google Ads,17–21 Age,55614,3540,572,343,154,36078.71,646246.86,North India
2024-03-09,AD004,Hackathon,YouTube,17–21 Age,123685,8520,2108,1010,406,122048.41,1454477.2,South India
2024-03-10,AD001,UG Admission,Google Ads,17–21 Age,160586,9019,1457,790,427,118320.36,2536804.91,North India
2024-03-10,AD004,Hackathon,YouTube,25–35 Age,226639,12635,2302,1218,650,199476.34,3964941.02,Pan India
2024-03-11,AD001,UG Admission,Google Ads,17–21 Age,73407,5606,883,498,256,70482.99,1018845.71,West India
2024-03-11,AD004,Hackathon,YouTube,22–27 Age,213309,8042,1913,1209,533,164269.5,4063881.15,North India
2024-03-12,AD001,UG Admission,Google Ads,17–21 Age,216597,15507,2335,1445,726,192461.62,2305973.39,North India
2024-03-12,AD004,Hackathon,YouTube,25–35 Age,226506,7970,1292,750,420,175994.8,2066586.58,Pan India
2024-03-13,AD001,UG Admission,Google Ads,17–21 Age,175194,5344,957,551,261,169204.3,976767.04,West India
2024-03-13,AD004,Hackathon,YouTube,22–27 Age,185895,10159,1559,796,319,152446.61,2203003.63,East India
2024-03-14,AD001,UG Admission,Google Ads,17–21 Age,188495,10549,1800,1004,441,182807.04,2268459.24,West India
2024-03-14,AD004,Hackathon,YouTube,22–27 Age,61348,4749,863,560,278,41334.61,2016292.77,Pan India
2024-03-15,AD001,UG Admission,Google Ads,17–21 Age,100344,8008,1473,816,424,77929.71,1344335.07,East India
2024-03-15,AD004,Hackathon,YouTube,22–27 Age,194652,12957,2628,1452,793,188268.91,5847270.23,East India
2024-03-16,AD001,UG Admission,Google Ads,17–21 Age,275868,10436,1877,1023,453,133644.66,2895845.33,West India
2024-03-16,AD004,Hackathon,YouTube,22–27 Age,144241,6954,1273,706,292,70141.8,1034342.01,East India
2024-03-17,AD001,UG Admission,Google Ads,17–21 Age,292584,23331,3605,1899,921,169598.15,3162278.82,West India
2024-03-17,AD004,Hackathon,YouTube,25–35 Age,117460,8173,1756,887,365,93791.14,1580107.16,South India
2024-03-18,AD001,UG Admission,Google Ads,17–21 Age,160356,10619,2317,1167,687,89639.34,4671783.2,South India
2024-03-18,AD004,Hackathon,YouTube,17–21 Age,58163,3769,797,395,178,25554.54,1293768.14,North India
2024-03-19,AD001,UG Admission,Google Ads,17–21 Age,172256,8896,2048,985,576,152568.15,1915389.82,East India
2024-03-19,AD004,Hackathon,YouTube,17–21 Age,258133,14755,2438,1536,617,103655.55,4524608.51,South India
2024-03-20,AD001,UG Admission,Google Ads,17–21 Age,203648,8947,1995,1108,625,126623.75,3738989.85,South India
2024-03-20,AD004,Hackathon,YouTube,22–27 Age,219527,10693,1929,990,415,203424.0,2119680.17,South India
2024-03-21,AD001,UG Admission,Google Ads,17–21 Age,85480,4749,1166,617,295,77652.63,1845721.68,North India
2024-03-21,AD004,Hackathon,YouTube,17–21 Age,284030,14236,2183,1152,592,262334.25,2663779.71,North India
2024-03-22,AD001,UG Admission,Google Ads,17–21 Age,298776,13733,2795,1309,703,212229.85,5350895.6,West India
2024-03-22,AD004,Hackathon,YouTube,22–27 Age,64434,3679,729,397,235,59041.52,1242049.05,Pan India
2024-03-23,AD001,UG Admission,Google Ads,17–21 Age,245366,12959,2802,1515,836,241060.05,6091993.93,North India
2024-03-23,AD004,Hackathon,YouTube,25–35 Age,53724,1683,344,159,73,49801.33,513709.91,South India
2024-03-24,AD001,UG Admission,Google Ads,17–21 Age,240769,8468,1835,987,400,145335.12,2921642.34,South India
2024-03-24,AD004,Hackathon,YouTube,17–21 Age,79876,4171,757,434,226,75946.35,1660035.68,North India
2024-03-25,AD001,UG Admission,Google Ads,17–21 Age,122186,5865,1463,777,313,54949.89,1100080.07,South India
2024-03-25,AD004,Hackathon,YouTube,17–21 Age,199247,9891,2264,1217,616,105185.38,4785145.21,East India
2024-03-26,AD001,UG Admission,Google Ads,17–21 Age,274044,13557,2893,1644,828,131707.58,6173759.68,North India
2024-03-26,AD004,Hackathon,YouTube,22–27 Age,244500,9131,2098,1346,655,146175.82,3464551.93,East India
2024-03-27,AD001,UG Admission,Google Ads,17–21 Age,75569,3044,699,363,210,43169.18,954211.72,Pan India
2024-03-27,AD004,Hackathon,YouTube,17–21 Age,62090,3649,636,301,174,58686.75,569195.34,South India
2024-03-28,AD001,UG Admission,Google Ads,17–21 Age,151614,5544,1000,552,221,66293.7,838838.11,South India
2024-03-28,AD004,Hackathon,YouTube,17–21 Age,275576,19381,2993,1920,883,152033.82,2850575.87,Pan India
2024-03-29,AD001,UG Admission,Google Ads,17–21 Age,128767,7454,1142,540,253,99239.26,960812.07,West India
2024-03-29,AD004,Hackathon,YouTube,25–35 Age,94022,2854,695,411,192,58116.78,1323997.7,North India
2024-03-30,AD001,UG Admission,Google Ads,17–21 Age,168427,7496,1354,707,399,121004.62,2780010.07,North India
2024-03-30,AD004,Hackathon,YouTube,17–21 Age,153437,5657,1049,519,211,147977.24,1161334.2,East India
2024-03-31,AD001,UG Admission,Google Ads,17–21 Age,80636,5687,1072,607,344,59284.93,2288813.48,East India
2024-03-31,AD004,Hackathon,YouTube,25–35 Age,158630,4927,822,475,264,141499.38,1140875.76,East India
2024-04-01,AD001,UG Admission,Google Ads,17–21 Age,186499,6536,1354,621,368,85229.02,2637713.85,West India
2024-04-02,AD001,UG Admission,Google Ads,17–21 Age,280440,19647,3222,1784,885,254339.0,4246093.25,North India
2024-04-03,AD001,UG Admission,Google Ads,17–21 Age,79911,2837,458,283,153,34959.15,584662.54,South India
2024-04-04,AD001,UG Admission,Google Ads,17–21 Age,274653,14146,2816,1386,561,208104.41,3892837.87,West India
2024-04-05,AD001,UG Admission,Google Ads,17–21 Age,165340,10645,1684,807,389,129203.32,3018743.31,West India
2024-04-06,AD001,UG Admission,Google Ads,17–21 Age,282778,15067,2772,1717,949,219848.01,5156798.93,West India
2024-04-07,AD001,UG Admission,Google Ads,17–21 Age,285987,22561,5121,2466,1091,146348.42,3872314.53,Pan India
2024-04-08,AD001,UG Admission,Google Ads,17–21 Age,200034,14443,3338,1578,716,189341.96,5411518.93,Pan India
2024-04-09,AD001,UG Admission,Google Ads,17–21 Age,114098,4796,979,559,277,95244.65,1500707.12,Pan India
2024-04-10,AD001,UG Admission,Google Ads,17–21 Age,230730,8044,1273,591,285,100417.85,2085502.25,North India
2024-04-11,AD001,UG Admission,Google Ads,17–21 Age,221570,12355,2256,1301,521,200217.89,2522440.58,Pan India
2024-04-12,AD001,UG Admission,Google Ads,17–21 Age,241871,18824,3533,2181,917,126584.31,7087676.71,South India
2024-04-13,AD001,UG Admission,Google Ads,17–21 Age,288853,12032,2732,1717,785,202094.55,2398171.83,East India
2024-04-14,AD001,UG Admission,Google Ads,17–21 Age,213540,14462,3456,1678,696,108897.67,3431908.04,West India
2024-04-15,AD001,UG Admission,Google Ads,17–21 Age,72233,3762,590,318,184,57707.1,1314021.37,West India
2024-04-16,AD001,UG Admission,Google Ads,17–21 Age,167205,5074,1208,604,322,115667.4,2387204.39,West India
2024-04-17,AD001,UG Admission,Google Ads,17–21 Age,234584,15677,3010,1913,842,190234.63,4025666.51,West India
2024-04-18,AD001,UG Admission,Google Ads,17–21 Age,50267,3518,817,515,226,39781.59,893338.11,West India
2024-04-19,AD001,UG Admission,Google Ads,17–21 Age,147737,9789,2427,1461,710,115882.02,4999994.77,South India
2024-04-20,AD001,UG Admission,Google Ads,17–21 Age,103945,5827,1089,686,290,45623.84,1291459.42,South India
2024-04-21,AD001,UG Admission,Google Ads,17–21 Age,180309,13125,2445,1328,595,107078.07,4718406.56,South India
2024-04-22,AD001,UG Admission,Google Ads,17–21 Age,165998,7203,1295,834,489,155076.27,3804206.8,South India
2024-04-23,AD001,UG Admission,Google Ads,17–21 Age,204547,9363,1756,1126,509,150706.37,2219931.49,Pan India
2024-04-24,AD001,UG Admission,Google Ads,17–21 Age,124784,7174,1288,783,351,103744.92,1765941.04,Pan India
2024-04-25,AD001,UG Admission,Google Ads,17–21 Age,132967,10361,1745,990,467,65512.99,1832026.4,Pan India
2024-04-26,AD001,UG Admission,Google Ads,17–21 Age,260506,13356,3163,1998,854,256268.15,4686283.68,West India
2024-04-27,AD001,UG Admission,Google Ads,17–21 Age,229208,9355,2081,1043,469,178259.19,2674523.87,Pan India
2024-04-28,AD001,UG Admission,Google Ads,17–21 Age,171241,7348,1294,719,302,85665.34,1939708.81,West India
2024-04-29,AD001,UG Admission,Google Ads,17–21 Age,161956,10797,1786,1036,542,150183.86,2235498.12,East India
2024-04-30,AD001,UG Admission,Google Ads,17–21 Age,61492,4436,909,457,244,50083.82,751942.31,West India
2024-05-01,AD001,UG Admission,Google Ads,17–21 Age,203882,9925,2110,963,504,181726.55,3279195.9,South India
2024-05-02,AD001,UG Admission,Google Ads,17–21 Age,52572,2746,633,286,115,31495.18,721471.98,West India
2024-05-03,AD001,UG Admission,Google Ads,17–21 Age,182398,9821,2358,1144,659,117138.56,4142036.47,Pan India
2024-05-04,AD001,UG Admission,Google Ads,17–21 Age,291292,19445,3115,1736,1028,264152.72,6279650.61,South India
2024-05-05,AD001,UG Admission,Google Ads,17–21 Age,209896,11020,2016,1282,676,134786.32,5166291.92,West India
2024-05-06,AD001,UG Admission,Google Ads,17–21 Age,212729,11086,2540,1442,785,148219.13,2403528.22,Pan India
2024-05-07,AD001,UG Admission,Google Ads,17–21 Age,53575,1779,383,198,83,31495.13,562987.04,South India
2024-05-08,AD001,UG Admission,Google Ads,17–21 Age,77717,5458,1240,600,252,39733.88,1374432.65,North India
2024-05-09,AD001,UG Admission,Google Ads,17–21 Age,254812,8231,1789,905,508,214463.0,3712872.07,Pan India
2024-05-10,AD001,UG Admission,Google Ads,17–21 Age,159338,8621,1987,1010,560,121166.88,2837406.55,Pan India
2024-05-11,AD001,UG Admission,Google Ads,17–21 Age,107691,5395,912,434,235,50972.7,1299358.1,North India
2024-05-12,AD001,UG Admission,Google Ads,17–21 Age,150217,9087,1717,921,420,84200.07,2218829.95,North India
2024-05-13,AD001,UG Admission,Google Ads,17–21 Age,227093,11820,2504,1225,522,192460.38,2362547.82,North India
2024-05-14,AD001,UG Admission,Google Ads,17–21 Age,212823,12602,1904,1005,425,107267.35,1912334.83,West India
2024-05-15,AD001,UG Admission,Google Ads,17–21 Age,129087,4033,640,346,198,101205.53,1581964.16,West India
2024-05-16,AD001,UG Admission,Google Ads,17–21 Age,95904,4183,667,322,147,66125.77,751735.0,North India
2024-05-17,AD001,UG Admission,Google Ads,17–21 Age,135876,8214,1729,909,441,85485.01,2700293.92,Pan India
2024-05-18,AD001,UG Admission,Google Ads,17–21 Age,280625,14687,2934,1372,655,191298.55,3980786.43,Pan India
2024-05-19,AD001,UG Admission,Google Ads,17–21 Age,99328,5165,1149,717,314,59406.59,1218839.81,Pan India
2024-05-20,AD001,UG Admission,Google Ads,17–21 Age,144094,11075,2057,1117,577,118500.5,3178344.45,North India
2024-05-21,AD001,UG Admission,Google Ads,17–21 Age,257103,13993,3038,1674,939,151753.51,5715057.08,South India
2024-05-22,AD001,UG Admission,Google Ads,17–21 Age,209828,14119,2701,1585,667,164161.53,3749676.3,North India
2024-05-23,AD001,UG Admission,Google Ads,17–21 Age,218859,11905,1854,941,482,120754.52,1563740.44,East India
2024-05-24,AD001,UG Admission,Google Ads,17–21 Age,210510,12742,2399,1408,810,182684.18,6159533.63,West India
2024-05-25,AD001,UG Admission,Google Ads,17–21 Age,112134,3488,542,286,159,76411.33,520844.26,North India
2024-05-26,AD001,UG Admission,Google Ads,17–21 Age,167323,6870,1386,656,339,154889.76,2689431.95,West India
2024-05-27,AD001,UG Admission,Google Ads,17–21 Age,71573,3385,572,368,169,37172.3,1300602.63,South India
2024-05-28,AD001,UG Admission,Google Ads,17–21 Age,157823,9513,2121,1051,506,109850.41,3668863.75,South India
2024-05-29,AD001,UG Admission,Google Ads,17–21 Age,170857,13220,2821,1398,619,96132.33,4551261.95,North India
2024-05-30,AD001,UG Admission,Google Ads,17–21 Age,286098,8605,1496,757,307,284695.91,2297719.94,North India
2024-05-31,AD001,UG Admission,Google Ads,17–21 Age,179655,7512,1329,827,420,177940.53,2774452.44,South India
2024-06-01,AD001,UG Admission,Google Ads,17–21 Age,200920,10462,2244,1338,750,142412.11,4242470.36,West India
2024-06-02,AD001,UG Admission,Google Ads,17–21 Age,277733,19722,3356,1999,1087,267369.15,6633449.5,East India
2024-06-03,AD001,UG Admission,Google Ads,17–21 Age,163525,6314,1573,794,445,161244.1,2892185.32,East India
2024-06-04,AD001,UG Admission,Google Ads,17–21 Age,57200,2876,542,295,144,40656.16,1131479.57,North India
2024-06-05,AD001,UG Admission,Google Ads,17–21 Age,138496,6165,1152,534,238,78355.93,1666242.27,West India
2024-06-06,AD001,UG Admission,Google Ads,17–21 Age,173098,12987,2605,1205,678,171934.55,4701884.7,East India
2024-06-07,AD001,UG Admission,Google Ads,17–21 Age,132867,6166,1353,871,423,110775.88,1886619.18,North India
2024-06-08,AD001,UG Admission,Google Ads,17–21 Age,78405,5902,1106,584,309,59265.23,1624992.95,Pan India
2024-06-09,AD001,UG Admission,Google Ads,17–21 Age,123612,8089,1527,775,424,113946.27,3146851.09,Pan India
2024-06-10,AD001,UG Admission,Google Ads,17–21 Age,195933,8997,1665,915,447,189378.11,2736847.83,North India
2024-06-11,AD001,UG Admission,Google Ads,17–21 Age,107645,6490,1396,669,394,64452.16,2150210.51,South India
2024-06-12,AD001,UG Admission,Google Ads,17–21 Age,126990,3967,640,342,195,78557.41,817559.85,South India
2024-06-13,AD001,UG Admission,Google Ads,17–21 Age,173173,6384,1547,788,399,127532.25,2683477.69,East India
2024-06-14,AD001,UG Admission,Google Ads,17–21 Age,267033,20262,3713,2404,1299,216742.23,7943328.02,Pan India
2024-06-15,AD001,UG Admission,Google Ads,17–21 Age,132726,7918,1387,700,353,57062.19,1916053.2,East India
2024-06-16,AD001,UG Admission,Google Ads,17–21 Age,251270,9386,1500,689,349,244867.93,2427243.89,North India
2024-06-17,AD001,UG Admission,Google Ads,17–21 Age,207125,16396,3081,1427,767,130264.98,5214044.04,West India
2024-06-18,AD001,UG Admission,Google Ads,17–21 Age,224667,15878,3948,2098,1224,195773.85,4343632.79,East India
2024-06-19,AD001,UG Admission,Google Ads,17–21 Age,295874,20384,3505,2023,974,195140.62,5500364.7,East India
2024-06-20,AD001,UG Admission,Google Ads,17–21 Age,205409,7026,1119,706,423,175824.96,1322998.03,Pan India
2024-06-21,AD001,UG Admission,Google Ads,17–21 Age,189047,7231,1473,846,469,149311.23,2655170.75,North India
2024-06-22,AD001,UG Admission,Google Ads,17–21 Age,174907,8495,2121,1059,425,134700.51,2590998.61,North India
2024-06-23,AD001,UG Admission,Google Ads,17–21 Age,176167,10868,1936,1164,627,121892.02,4751275.42,East India
2024-06-24,AD001,UG Admission,Google Ads,17–21 Age,170905,8986,2123,1289,772,77320.5,3546992.04,Pan India
2024-06-25,AD001,UG Admission,Google Ads,17–21 Age,92195,6158,1102,514,217,53344.57,1158159.81,West India
2024-06-26,AD001,UG Admission,Google Ads,17–21 Age,144589,11439,2189,1146,674,93882.94,3774177.24,Pan India
2024-06-27,AD001,UG Admission,Google Ads,17–21 Age,218634,13467,2852,1603,838,196856.04,2571768.14,North India
2024-06-28,AD001,UG Admission,Google Ads,17–21 Age,224017,17218,3927,2217,1085,145416.06,7154154.91,North India
2024-06-29,AD001,UG Admission,Google Ads,17–21 Age,99562,5277,1146,694,296,73478.7,920163.38,North India
2024-06-30,AD001,UG Admission,Google Ads,17–21 Age,247894,9939,2312,1356,632,174102.28,4208262.52,West India
2024-07-01,AD001,UG Admission,Google Ads,17–21 Age,189966,6959,1711,797,357,128422.24,2524973.42,South India
2024-07-02,AD001,UG Admission,Google Ads,17–21 Age,290368,17043,2956,1912,1082,182544.6,3348574.79,South India
2024-07-03,AD001,UG Admission,Google Ads,17–21 Age,98624,5398,1025,555,234,58644.23,1605697.96,East India
2024-07-04,AD001,UG Admission,Google Ads,17–21 Age,185544,8967,1881,974,497,143891.23,2013575.82,North India
2024-07-05,AD001,UG Admission,Google Ads,17–21 Age,64345,2893,673,399,231,58397.08,1512057.86,East India
2024-07-06,AD001,UG Admission,Google Ads,17–21 Age,260059,15459,2859,1616,748,238169.83,3760809.01,Pan India
2024-07-07,AD001,UG Admission,Google Ads,17–21 Age,272679,12573,2386,1298,669,125239.22,4864239.68,East India
2024-07-08,AD001,UG Admission,Google Ads,17–21 Age,248350,16741,2897,1713,861,217164.85,3498930.88,Pan India
2024-07-09,AD001,UG Admission,Google Ads,17–21 Age,177393,7806,1826,1016,471,138014.22,3729596.77,Pan India
2024-07-10,AD001,UG Admission,Google Ads,17–21 Age,151029,9303,1887,1057,498,70776.38,1931400.27,Pan India
2024-07-11,AD001,UG Admission,Google Ads,17–21 Age,53745,4296,787,354,145,28330.69,567612.72,North India
2024-07-12,AD001,UG Admission,Google Ads,17–21 Age,81985,2676,589,334,155,39730.86,1134386.5,East India
2024-07-13,AD001,UG Admission,Google Ads,17–21 Age,101535,3234,704,418,167,49643.44,538637.71,South India
2024-07-14,AD001,UG Admission,Google Ads,17–21 Age,56203,3399,526,282,124,50748.12,703721.34,East India
2024-07-15,AD001,UG Admission,Google Ads,17–21 Age,172571,12649,2920,1512,709,144033.44,4185547.5,West India
2024-07-16,AD001,UG Admission,Google Ads,17–21 Age,206620,15320,3284,2077,936,107031.96,4032427.25,West India
2024-07-17,AD001,UG Admission,Google Ads,17–21 Age,238579,11277,1997,942,481,200472.94,1996665.29,West India
2024-07-18,AD001,UG Admission,Google Ads,17–21 Age,299596,13778,2469,1401,803,133225.18,4364604.85,Pan India
2024-07-19,AD001,UG Admission,Google Ads,17–21 Age,289584,9928,1754,852,495,233553.6,1607665.33,North India
2024-07-20,AD001,UG Admission,Google Ads,17–21 Age,272890,10309,2371,1461,865,248690.64,6675094.56,West India
2024-07-21,AD001,UG Admission,Google Ads,17–21 Age,285905,8585,1949,993,582,254211.76,3218555.65,West India
2024-07-22,AD001,UG Admission,Google Ads,17–21 Age,92579,6825,1236,768,372,46340.62,2501009.92,West India
2024-07-23,AD001,UG Admission,Google Ads,17–21 Age,262199,20171,3719,2289,1259,108832.62,8859616.13,North India
2024-07-24,AD001,UG Admission,Google Ads,17–21 Age,198212,6874,1415,799,462,108824.3,3333666.45,Pan India
2024-07-25,AD001,UG Admission,Google Ads,17–21 Age,118809,7312,1760,995,443,100651.52,2996388.37,West India
2024-07-26,AD001,UG Admission,Google Ads,17–21 Age,182889,5572,878,401,226,93158.25,1525793.32,North India
2024-07-27,AD001,UG Admission,Google Ads,17–21 Age,85016,3976,731,365,182,39557.93,1358545.74,South India
2024-07-28,AD001,UG Admission,Google Ads,17–21 Age,136206,8419,2017,1200,719,66697.45,3914237.0,West India
2024-07-29,AD001,UG Admission,Google Ads,17–21 Age,165347,11046,2068,1143,503,143383.04,1991695.9,South India
2024-07-30,AD001,UG Admission,Google Ads,17–21 Age,293930,12917,3074,1552,860,135737.98,4957159.97,West India
2024-07-31,AD001,UG Admission,Google Ads,17–21 Age,143598,9751,1930,965,442,121893.19,1449676.75,Pan India
2024-08-01,AD001,UG Admission,Google Ads,17–21 Age,54410,4309,693,357,191,48121.46,1063428.31,North India
2024-08-01,AD005,Semester Exchange Program,Instagram,22–27 Age,100600,4426,1006,578,315,88124.93,2363533.5,South India
2024-08-02,AD001,UG Admission,Google Ads,17–21 Age,132675,10342,1904,862,374,113475.65,1926663.81,North India
2024-08-02,AD005,Semester Exchange Program,Instagram,17–21 Age,120721,9109,1747,1023,521,75049.88,2509324.06,North India
2024-08-03,AD001,UG Admission,Google Ads,17–21 Age,200741,11692,2445,1190,664,136500.62,3345576.76,South India
2024-08-03,AD005,Semester Exchange Program,Instagram,17–21 Age,208142,16098,3655,2210,1252,141729.43,7709099.55,Pan India
2024-08-04,AD001,UG Admission,Google Ads,17–21 Age,62326,2288,416,208,97,53808.35,514275.89,West India
2024-08-04,AD005,Semester Exchange Program,Instagram,22–27 Age,60178,3164,594,300,141,36780.38,638055.97,East India
2024-08-05,AD001,UG Admission,Google Ads,17–21 Age,105561,6091,1210,657,361,58132.88,1085319.27,South India
2024-08-05,AD005,Semester Exchange Program,Instagram,17–21 Age,108128,4562,1033,586,260,58193.29,1634560.79,South India
2024-08-06,AD001,UG Admission,Google Ads,17–21 Age,96715,4883,1120,538,232,43537.41,1813996.79,East India
2024-08-06,AD005,Semester Exchange Program,Instagram,25–35 Age,99786,4538,843,475,270,86472.87,1992669.9,North India
2024-08-07,AD001,UG Admission,Google Ads,17–21 Age,297887,19916,3329,2125,936,270727.95,2895011.75,West India
2024-08-07,AD005,Semester Exchange Program,Instagram,17–21 Age,54376,2198,530,240,98,48889.03,404235.06,Pan India
2024-08-08,AD001,UG Admission,Google Ads,17–21 Age,88036,3843,807,511,208,69666.14,1270694.45,Pan India
2024-08-08,AD005,Semester Exchange Program,Instagram,17–21 Age,276523,11747,1913,1099,451,112550.84,3062511.38,West India
2024-08-09,AD001,UG Admission,Google Ads,17–21 Age,61270,3608,771,487,203,48486.67,1016705.47,South India
2024-08-09,AD005,Semester Exchange Program,Instagram,25–35 Age,175935,8558,1832,1035,601,163462.72,2873827.39,East India
2024-08-10,AD001,UG Admission,Google Ads,17–21 Age,270202,19267,3864,1957,1169,132916.08,5811867.04,Pan India
2024-08-10,AD005,Semester Exchange Program,Instagram,17–21 Age,70308,4870,930,492,251,51723.19,1262103.52,South India
2024-08-11,AD001,UG Admission,Google Ads,17–21 Age,206790,15329,3569,2038,1076,151435.23,8479988.83,South India
2024-08-11,AD005,Semester Exchange Program,Instagram,25–35 Age,239465,10006,1533,767,445,119177.15,3554173.67,North India
2024-08-12,AD001,UG Admission,Google Ads,17–21 Age,143259,4765,1041,609,246,103534.0,1950084.07,Pan India
2024-08-12,AD005,Semester Exchange Program,Instagram,25–35 Age,60504,2239,539,322,184,54506.92,1051156.08,Pan India
2024-08-13,AD001,UG Admission,Google Ads,17–21 Age,203962,9650,2394,1402,591,143265.17,2808713.52,North India
2024-08-13,AD005,Semester Exchange Program,Instagram,17–21 Age,140195,9654,1913,1044,524,78718.46,3267340.14,West India
2024-08-14,AD001,UG Admission,Google Ads,17–21 Age,93684,5805,1305,670,372,41067.66,1553036.39,West India
2024-08-14,AD005,Semester Exchange Program,Instagram,25–35 Age,184290,10858,2176,991,427,163226.63,1995132.12,South India
2024-08-15,AD001,UG Admission,Google Ads,17–21 Age,246897,8565,2017,1112,614,246807.4,4424382.49,North India
2024-08-15,AD005,Semester Exchange Program,Instagram,17–21 Age,75772,2986,585,343,194,50358.62,1510026.78,North India
2024-08-16,AD001,UG Admission,Google Ads,17–21 Age,259857,18951,3776,2370,1066,110740.59,3876986.66,North India
2024-08-16,AD005,Semester Exchange Program,Instagram,25–35 Age,147185,8624,2052,1243,630,102580.43,3446317.81,West India
2024-08-17,AD001,UG Admission,Google Ads,17–21 Age,160425,11372,2306,1230,588,133747.28,2831000.7,North India
2024-08-17,AD005,Semester Exchange Program,Instagram,22–27 Age,196487,8699,1691,1051,613,171743.84,3311850.86,South India
2024-08-18,AD001,UG Admission,Google Ads,17–21 Age,136692,7477,1371,764,442,120425.27,2071543.89,West India
2024-08-18,AD005,Semester Exchange Program,Instagram,25–35 Age,254671,15131,3100,1454,638,167140.01,4151995.55,West India
2024-08-19,AD001,UG Admission,Google Ads,17–21 Age,167681,13225,2990,1842,894,92404.26,6148023.7,North India
2024-08-19,AD005,Semester Exchange Program,Instagram,17–21 Age,150411,8934,1854,1043,438,83953.46,3329055.06,East India
2024-08-20,AD001,UG Admission,Google Ads,17–21 Age,50916,2686,642,387,160,34435.4,774444.94,North India
2024-08-20,AD005,Semester Exchange Program,Instagram,22–27 Age,266600,18274,4074,2224,907,192783.02,4819731.14,South India
2024-08-21,AD001,UG Admission,Google Ads,17–21 Age,246115,17238,2715,1569,816,239237.62,5018704.73,East India
2024-08-21,AD005,Semester Exchange Program,Instagram,17–21 Age,286047,14611,3332,1656,978,195179.76,5342189.13,North India
2024-08-22,AD001,UG Admission,Google Ads,17–21 Age,55434,3340,628,299,157,47688.64,567663.31,Pan India
2024-08-22,AD005,Semester Exchange Program,Instagram,17–21 Age,138420,9190,1758,895,476,121775.58,3796435.52,South India
2024-08-23,AD001,UG Admission,Google Ads,17–21 Age,212121,8521,1831,1065,523,210422.93,1816349.21,South India
2024-08-23,AD005,Semester Exchange Program,Instagram,22–27 Age,174155,7729,1269,726,423,114529.99,1755445.01,South India
2024-08-24,AD001,UG Admission,Google Ads,17–21 Age,298055,23238,3774,2035,1015,255249.45,5574248.14,West India
2024-08-24,AD005,Semester Exchange Program,Instagram,17–21 Age,73433,3246,574,335,163,43645.42,1029954.06,Pan India
2024-08-25,AD001,UG Admission,Google Ads,17–21 Age,273318,12830,2725,1477,719,249800.87,3360100.1,West India
2024-08-25,AD005,Semester Exchange Program,Instagram,17–21 Age,190927,8324,1746,1040,502,153681.46,1737263.59,West India
2024-08-26,AD001,UG Admission,Google Ads,17–21 Age,280548,22400,3381,2001,1115,243363.91,7580435.6,Pan India
2024-08-26,AD005,Semester Exchange Program,Instagram,17–21 Age,285397,15333,2569,1619,881,167612.44,5312696.48,Pan India
2024-08-27,AD001,UG Admission,Google Ads,17–21 Age,230587,11780,2103,985,557,170545.05,2172105.58,North India
2024-08-27,AD005,Semester Exchange Program,Instagram,22–27 Age,239102,11777,2683,1443,793,178773.39,6237099.54,South India
2024-08-28,AD001,UG Admission,Google Ads,17–21 Age,122769,4992,1154,639,335,76198.02,1803614.19,East India
2024-08-28,AD005,Semester Exchange Program,Instagram,25–35 Age,118445,9312,1796,862,394,53888.89,1248957.41,Pan India
2024-08-29,AD001,UG Admission,Google Ads,17–21 Age,176924,6002,1405,726,305,149271.1,1316066.43,Pan India
2024-08-29,AD005,Semester Exchange Program,Instagram,17–21 Age,141835,4781,815,412,201,71163.26,1195976.69,East India
2024-08-30,AD001,UG Admission,Google Ads,17–21 Age,89353,3461,777,423,218,68408.44,1404431.2,East India
2024-08-30,AD005,Semester Exchange Program,Instagram,25–35 Age,172603,13771,3131,1756,957,123949.96,7284646.5,West India
2024-08-31,AD001,UG Admission,Google Ads,17–21 Age,275170,8309,2008,1217,654,116652.11,2196952.4,North India
2024-08-31,AD005,Semester Exchange Program,Instagram,25–35 Age,188007,12565,2831,1364,556,100933.35,2063936.01,North India
2024-09-01,AD005,Semester Exchange Program,Instagram,25–35 Age,277995,17323,3307,1962,807,119949.55,3907589.22,East India
2024-09-02,AD005,Semester Exchange Program,Instagram,17–21 Age,204641,14981,3396,1681,682,155414.22,5373759.1,Pan India
2024-09-03,AD005,Semester Exchange Program,Instagram,22–27 Age,80461,5310,1043,626,251,56362.02,988491.69,East India
2024-09-04,AD005,Semester Exchange Program,Instagram,17–21 Age,225116,11836,2871,1828,993,145813.18,7254951.42,South India
2024-09-05,AD005,Semester Exchange Program,Instagram,17–21 Age,116737,9182,1836,1173,621,99175.68,2537615.16,South India
2024-09-06,AD005,Semester Exchange Program,Instagram,22–27 Age,63297,4534,954,479,279,50866.84,2142106.16,Pan India
2024-09-07,AD005,Semester Exchange Program,Instagram,22–27 Age,58123,2245,487,238,102,48037.73,806657.5,West India
2024-09-08,AD005,Semester Exchange Program,Instagram,17–21 Age,245747,19560,3600,2070,927,200843.09,3867146.21,West India
2024-09-09,AD005,Semester Exchange Program,Instagram,17–21 Age,84497,2556,527,306,147,40400.53,517443.61,East India
2024-09-10,AD005,Semester Exchange Program,Instagram,17–21 Age,241659,17679,2873,1586,722,135221.61,4879841.23,East India
2024-09-11,AD005,Semester Exchange Program,Instagram,22–27 Age,65507,2625,419,269,116,58810.83,812926.32,West India
2024-09-12,AD005,Semester Exchange Program,Instagram,17–21 Age,89606,3064,523,302,174,82237.51,1090015.64,Pan India
2024-09-13,AD005,Semester Exchange Program,Instagram,25–35 Age,288944,22296,3936,2456,1336,268441.11,10200618.61,North India
2024-09-14,AD005,Semester Exchange Program,Instagram,25–35 Age,61065,3349,511,253,103,50674.5,618470.9,East India
2024-09-15,AD005,Semester Exchange Program,Instagram,17–21 Age,52998,2691,556,360,169,42374.05,1263776.46,South India
2024-09-16,AD005,Semester Exchange Program,Instagram,17–21 Age,188733,6063,1486,848,495,117044.6,1718164.73,West India
2024-09-17,AD005,Semester Exchange Program,Instagram,22–27 Age,264523,8422,1397,690,285,174372.08,2190322.56,North India
2024-09-18,AD005,Semester Exchange Program,Instagram,17–21 Age,99863,5899,1473,894,463,73758.95,1765141.51,East India
2024-09-19,AD005,Semester Exchange Program,Instagram,25–35 Age,76229,4994,1189,748,448,38131.31,2070391.74,North India
2024-09-20,AD005,Semester Exchange Program,Instagram,17–21 Age,121757,6018,1136,664,374,107787.88,2220089.24,South India
2024-09-21,AD005,Semester Exchange Program,Instagram,25–35 Age,114298,4785,1131,713,345,80918.92,2265577.65,North India
2024-09-22,AD005,Semester Exchange Program,Instagram,17–21 Age,105308,7365,1272,726,432,43967.23,2323390.45,North India
2024-09-23,AD005,Semester Exchange Program,Instagram,22–27 Age,136857,9505,1522,788,362,65108.72,1489069.41,South India
2024-09-24,AD005,Semester Exchange Program,Instagram,17–21 Age,134230,8702,1365,650,332,124821.77,1474440.35,West India
2024-09-25,AD005,Semester Exchange Program,Instagram,22–27 Age,262940,21020,4963,2852,1664,200318.65,7439846.28,North India
2024-09-26,AD005,Semester Exchange Program,Instagram,25–35 Age,273481,17743,3097,1835,1000,262907.98,7305475.89,South India
2024-09-27,AD005,Semester Exchange Program,Instagram,17–21 Age,81135,4547,1123,543,325,72931.67,1570056.62,North India
2024-09-28,AD005,Semester Exchange Program,Instagram,22–27 Age,177065,8511,1962,1141,682,126930.36,4613730.38,West India
2024-09-29,AD005,Semester Exchange Program,Instagram,17–21 Age,120820,8446,1398,808,382,96604.45,1911053.53,South India
2024-09-30,AD005,Semester Exchange Program,Instagram,17–21 Age,108200,3265,588,270,146,90135.86,550296.55,Pan India
2024-10-01,AD005,Semester Exchange Program,Instagram,25–35 Age,181393,7776,1216,691,308,116710.52,955852.67,South India
2024-10-02,AD005,Semester Exchange Program,Instagram,25–35 Age,188107,11836,2751,1255,668,83985.35,3644883.8,North India
2024-10-03,AD005,Semester Exchange Program,Instagram,17–21 Age,136913,4144,997,508,257,88554.32,1706756.01,South India
2024-10-04,AD005,Semester Exchange Program,Instagram,25–35 Age,275383,21966,4741,2231,912,239728.52,3926372.14,Pan India
2024-10-05,AD005,Semester Exchange Program,Instagram,25–35 Age,287478,15296,2824,1485,658,273924.01,2298553.78,North India
2024-10-06,AD005,Semester Exchange Program,Instagram,25–35 Age,177706,6076,1461,913,494,142058.98,1710667.68,Pan India
2024-10-07,AD005,Semester Exchange Program,Instagram,25–35 Age,295188,8972,1635,877,449,209783.61,3330514.34,East India
2024-10-08,AD005,Semester Exchange Program,Instagram,25–35 Age,142451,6326,1430,782,396,65523.4,2443483.47,North India
2024-10-09,AD005,Semester Exchange Program,Instagram,22–27 Age,54463,3186,540,317,161,38378.96,865326.9,East India
2024-10-10,AD005,Semester Exchange Program,Instagram,25–35 Age,139686,5412,1042,509,290,75836.12,1654751.42,East India
2024-10-11,AD005,Semester Exchange Program,Instagram,25–35 Age,120409,4489,780,484,246,110563.17,1888857.04,East India
2024-10-12,AD005,Semester Exchange Program,Instagram,17–21 Age,216016,10639,1987,1050,475,139364.0,1826451.72,South India
2024-10-13,AD005,Semester Exchange Program,Instagram,17–21 Age,58912,4326,782,498,295,48216.62,1214180.74,South India
2024-10-14,AD005,Semester Exchange Program,Instagram,22–27 Age,202717,6817,1069,693,358,116988.99,1522257.6,West India
2024-10-15,AD005,Semester Exchange Program,Instagram,22–27 Age,251656,18834,3343,1918,1080,241798.27,7037867.27,South India
2024-10-16,AD005,Semester Exchange Program,Instagram,17–21 Age,199622,6041,993,525,228,176721.83,988512.45,South India
2024-10-17,AD005,Semester Exchange Program,Instagram,25–35 Age,69381,3391,607,363,166,49757.02,578094.77,Pan India
2024-10-18,AD005,Semester Exchange Program,Instagram,17–21 Age,287101,12759,2552,1493,878,208157.08,4202662.82,North India
2024-10-19,AD005,Semester Exchange Program,Instagram,17–21 Age,184878,12850,2357,1514,788,119293.73,4620820.81,East India
2024-10-20,AD005,Semester Exchange Program,Instagram,22–27 Age,92994,4254,1025,663,325,63509.98,1979290.65,West India
2024-10-21,AD005,Semester Exchange Program,Instagram,25–35 Age,122794,7849,1907,1022,609,115044.95,2146534.46,East India
2024-10-22,AD005,Semester Exchange Program,Instagram,17–21 Age,91570,6739,1285,721,353,79415.47,2003387.48,West India
2024-10-23,AD005,Semester Exchange Program,Instagram,25–35 Age,136044,5700,1277,576,315,81289.85,1260959.52,West India
2024-10-24,AD005,Semester Exchange Program,Instagram,22–27 Age,167984,5400,1206,563,278,99048.93,1366324.42,East India
2024-10-25,AD005,Semester Exchange Program,Instagram,22–27 Age,95036,5272,948,435,238,52509.6,1552232.36,North India
2024-10-26,AD005,Semester Exchange Program,Instagram,25–35 Age,59294,3218,771,376,216,51407.62,827192.52,West India
2024-10-27,AD005,Semester Exchange Program,Instagram,22–27 Age,130677,9462,1831,969,562,89431.65,2487761.4,North India
2024-10-28,AD005,Semester Exchange Program,Instagram,22–27 Age,97058,3274,651,375,190,45063.28,895881.61,Pan India
2024-10-29,AD005,Semester Exchange Program,Instagram,17–21 Age,179478,6773,1044,667,270,91661.15,2080724.29,North India
2024-10-30,AD005,Semester Exchange Program,Instagram,25–35 Age,281673,15379,3271,1753,1035,204309.98,3459761.8,South India
2024-10-31,AD005,Semester Exchange Program,Instagram,25–35 Age,116450,6235,1558,824,360,65629.02,1949668.5,South India
2024-11-01,AD005,Semester Exchange Program,Instagram,17–21 Age,225961,14171,3221,1819,993,168277.96,3222207.73,North India
2024-11-02,AD005,Semester Exchange Program,Instagram,25–35 Age,106756,7681,1748,926,405,72448.35,1950812.15,Pan India
2024-11-03,AD005,Semester Exchange Program,Instagram,17–21 Age,232832,9147,1633,749,397,193724.4,3007990.84,South India
2024-11-04,AD005,Semester Exchange Program,Instagram,22–27 Age,283483,9399,2257,1289,646,152209.39,2606457.79,Pan India
2024-11-05,AD005,Semester Exchange Program,Instagram,25–35 Age,239123,8684,1946,1221,722,204001.7,2714132.08,North India
2024-11-06,AD005,Semester Exchange Program,Instagram,25–35 Age,276380,16064,2534,1232,551,170390.62,3092023.95,East India
2024-11-07,AD005,Semester Exchange Program,Instagram,17–21 Age,270180,14454,3258,1917,990,268873.26,6443869.42,West India
2024-11-08,AD005,Semester Exchange Program,Instagram,17–21 Age,286662,11043,1712,779,318,131184.55,1392508.14,East India
2024-11-09,AD005,Semester Exchange Program,Instagram,22–27 Age,181568,10036,2164,1043,557,105288.6,2943846.76,Pan India
2024-11-10,AD005,Semester Exchange Program,Instagram,17–21 Age,55161,1674,327,182,93,27683.46,419254.85,North India
2024-11-11,AD005,Semester Exchange Program,Instagram,25–35 Age,146332,7956,1417,687,389,145598.6,1883807.49,East India
2024-11-12,AD005,Semester Exchange Program,Instagram,17–21 Age,283452,10161,2461,1357,599,241562.24,2333253.91,East India
2024-11-13,AD005,Semester Exchange Program,Instagram,17–21 Age,266279,21175,3231,1568,646,219965.47,2905813.4,East India
2024-11-14,AD005,Semester Exchange Program,Instagram,25–35 Age,126096,4710,786,422,172,75860.32,757098.6,Pan India
2024-11-15,AD005,Semester Exchange Program,Instagram,22–27 Age,72191,4406,911,578,345,56628.01,1560935.41,West India
2024-11-16,AD005,Semester Exchange Program,Instagram,25–35 Age,102772,7546,1445,670,401,91991.98,2282140.1,Pan India
2024-11-17,AD005,Semester Exchange Program,Instagram,22–27 Age,110873,5990,1401,803,465,86112.93,2382488.17,Pan India
2024-11-18,AD005,Semester Exchange Program,Instagram,17–21 Age,204362,14066,3141,1562,659,184747.29,3568654.0,South India
2024-11-19,AD005,Semester Exchange Program,Instagram,17–21 Age,180572,12720,2814,1384,578,137201.61,3495163.5,West India
2024-11-20,AD005,Semester Exchange Program,Instagram,25–35 Age,193929,13873,3062,1471,874,161155.16,6776185.69,West India
2024-11-21,AD005,Semester Exchange Program,Instagram,25–35 Age,82283,2921,481,235,130,76726.47,415137.55,North India
2024-11-22,AD005,Semester Exchange Program,Instagram,25–35 Age,192091,11604,2347,1104,643,125058.01,4406790.35,West India
2024-11-23,AD005,Semester Exchange Program,Instagram,25–35 Age,65161,2390,561,334,173,46009.7,825433.67,South India
2024-11-24,AD005,Semester Exchange Program,Instagram,22–27 Age,273486,9563,1760,876,515,230126.27,3733798.06,Pan India
2024-11-25,AD005,Semester Exchange Program,Instagram,22–27 Age,69058,3605,672,383,211,46789.73,1676078.02,South India
2024-11-26,AD005,Semester Exchange Program,Instagram,22–27 Age,91853,6881,1240,672,277,44008.16,1877093.83,North India
2024-11-27,AD005,Semester Exchange Program,Instagram,17–21 Age,90600,5028,1186,602,308,73545.38,1650695.41,East India
2024-11-28,AD005,Semester Exchange Program,Instagram,22–27 Age,175761,5318,1233,657,374,116485.8,2032416.22,South India
2024-11-29,AD005,Semester Exchange Program,Instagram,22–27 Age,255808,20215,4403,2084,1238,219725.73,5687975.93,West India
2024-11-30,AD005,Semester Exchange Program,Instagram,22–27 Age,80454,5850,1090,544,298,70151.88,1542618.67,Pan India
2024-12-01,AD005,Semester Exchange Program,Instagram,17–21 Age,197437,15661,3170,2036,967,126999.65,3380862.13,East India
2024-12-02,AD005,Semester Exchange Program,Instagram,25–35 Age,89542,6519,1086,697,285,60866.25,1813988.18,East India
2024-12-03,AD005,Semester Exchange Program,Instagram,17–21 Age,264827,17541,3210,1832,918,239779.4,4492737.47,North India
2024-12-04,AD005,Semester Exchange Program,Instagram,25–35 Age,246484,15426,3748,2056,1100,197907.72,3733897.51,North India
2024-12-05,AD005,Semester Exchange Program,Instagram,22–27 Age,166847,6747,1403,818,471,125046.51,1803264.94,Pan India
2024-12-06,AD005,Semester Exchange Program,Instagram,17–21 Age,159764,8942,1411,644,294,90588.72,1354157.21,Pan India
2024-12-07,AD005,Semester Exchange Program,Instagram,22–27 Age,102163,5048,1064,661,327,60848.34,2575367.84,West India
2024-12-08,AD005,Semester Exchange Program,Instagram,25–35 Age,126853,7221,1286,797,398,50966.79,2508469.86,West India
2024-12-09,AD005,Semester Exchange Program,Instagram,25–35 Age,220003,12964,2716,1272,714,149924.94,5270433.16,East India
2024-12-10,AD005,Semester Exchange Program,Instagram,22–27 Age,201824,7307,1450,689,362,150905.55,1905071.16,Pan India
2024-12-11,AD005,Semester Exchange Program,Instagram,17–21 Age,250260,19853,3492,1798,784,135506.91,2906425.19,West India
2024-12-12,AD005,Semester Exchange Program,Instagram,25–35 Age,135664,4928,1186,699,396,57125.92,2556577.29,West India
2024-12-13,AD005,Semester Exchange Program,Instagram,25–35 Age,160397,9855,1850,945,509,66687.61,2358767.81,Pan India
2024-12-14,AD005,Semester Exchange Program,Instagram,22–27 Age,79723,3466,546,277,162,45007.68,714695.19,Pan India
2024-12-15,AD005,Semester Exchange Program,Instagram,25–35 Age,152326,8620,2136,1366,558,144403.81,4066244.11,North India
2024-12-16,AD005,Semester Exchange Program,Instagram,25–35 Age,215008,12718,3010,1775,928,185494.55,5966828.56,North India
2024-12-17,AD005,Semester Exchange Program,Instagram,25–35 Age,226154,6787,1355,775,413,127284.48,3048285.96,East India
2024-12-18,AD005,Semester Exchange Program,Instagram,17–21 Age,65380,3622,886,466,197,38280.77,618935.67,East India
2024-12-19,AD005,Semester Exchange Program,Instagram,22–27 Age,64816,4503,783,385,198,36917.17,1292747.35,South India
2024-12-20,AD005,Semester Exchange Program,Instagram,25–35 Age,129732,6744,1532,866,459,59861.08,3616448.38,North India
2024-12-21,AD005,Semester Exchange Program,Instagram,25–35 Age,191010,6685,1113,682,386,84242.54,2143080.95,East India
2024-12-22,AD005,Semester Exchange Program,Instagram,22–27 Age,68302,2222,383,243,139,55070.2,866752.39,West India
2024-12-23,AD005,Semester Exchange Program,Instagram,22–27 Age,148429,6118,1413,782,344,93856.35,1316377.62,North India
2024-12-24,AD005,Semester Exchange Program,Instagram,22–27 Age,130005,7572,1183,758,342,52249.34,2407660.84,South India
2024-12-25,AD005,Semester Exchange Program,Instagram,25–35 Age,188671,14836,3690,2154,921,187239.3,5745146.2,West India
2024-12-26,AD005,Semester Exchange Program,Instagram,22–27 Age,210372,8399,1694,973,468,119550.69,3244204.25,South India
2024-12-27,AD005,Semester Exchange Program,Instagram,17–21 Age,242821,11287,2295,1202,698,99352.03,4449421.1,Pan India
2024-12-28,AD005,Semester Exchange Program,Instagram,22–27 Age,203553,16070,3160,1749,804,85165.18,4136749.5,West India
2024-12-29,AD005,Semester Exchange Program,Instagram,17–21 Age,76603,5356,1267,651,332,45529.69,1938587.1,West India
2024-12-30,AD005,Semester Exchange Program,Instagram,22–27 Age,170097,6950,1199,740,397,123129.23,2422516.68,South India
2024-12-31,AD005,Semester Exchange Program,Instagram,22–27 Age,131701,9179,1437,927,505,59393.39,3247013.45,Pan India
2025-01-01,AD003,Placements,LinkedIn,22–27 Age,279530,19894,3599,2203,1218,273389.72,8583247.3,South India
2025-01-02,AD003,Placements,LinkedIn,17–21 Age,107357,3850,660,404,170,64297.75,639111.06,West India
2025-01-03,AD003,Placements,LinkedIn,25–35 Age,234568,11507,2233,1415,677,228209.58,3116134.9,West India
2025-01-04,AD003,Placements,LinkedIn,25–35 Age,118873,6602,1257,706,337,88250.44,1510928.16,West India
2025-01-05,AD003,Placements,LinkedIn,22–27 Age,65935,3337,635,299,144,33688.76,618176.8,Pan India
2025-01-06,AD003,Placements,LinkedIn,25–35 Age,98052,5653,1278,620,365,66527.79,2071736.22,East India
2025-01-07,AD003,Placements,LinkedIn,22–27 Age,131378,7546,1518,715,293,83251.47,1142012.75,Pan India
2025-01-08,AD003,Placements,LinkedIn,22–27 Age,262420,14446,3479,2040,966,119191.61,6335108.83,West India
2025-01-09,AD003,Placements,LinkedIn,25–35 Age,153266,6717,1640,966,430,153149.87,2013145.18,Pan India
2025-01-10,AD003,Placements,LinkedIn,22–27 Age,70209,2239,511,331,185,54632.02,1173022.89,South India
2025-01-11,AD003,Placements,LinkedIn,22–27 Age,125823,6100,1244,598,263,78509.29,1955712.94,South India
2025-01-12,AD003,Placements,LinkedIn,25–35 Age,203716,6420,1047,499,199,165278.22,840797.82,West India
2025-01-13,AD003,Placements,LinkedIn,22–27 Age,146482,4711,931,572,338,141930.1,2174371.93,North India
2025-01-14,AD003,Placements,LinkedIn,22–27 Age,266480,8507,1449,740,346,179057.44,2625757.68,Pan India
2025-01-15,AD003,Placements,LinkedIn,22–27 Age,119877,5157,853,489,196,55662.12,601879.73,East India
2025-01-16,AD003,Placements,LinkedIn,25–35 Age,258617,11130,2706,1265,634,220388.72,3969227.91,East India
2025-01-17,AD003,Placements,LinkedIn,25–35 Age,286009,20719,3174,1988,1183,159981.23,5016566.76,North India
2025-01-18,AD003,Placements,LinkedIn,22–27 Age,143217,6695,1166,607,327,67853.55,1547240.6,South India
2025-01-19,AD003,Placements,LinkedIn,22–27 Age,72167,3593,602,351,197,70366.31,1134508.65,East India
2025-01-20,AD003,Placements,LinkedIn,22–27 Age,239490,16490,2821,1500,857,231252.5,2591070.74,Pan India
2025-01-21,AD003,Placements,LinkedIn,22–27 Age,114858,8995,2140,1042,585,109054.25,3742051.97,Pan India
2025-01-22,AD003,Placements,LinkedIn,25–35 Age,287469,15650,3709,1899,784,253282.64,2874025.11,West India
2025-01-23,AD003,Placements,LinkedIn,22–27 Age,160382,12822,2675,1467,670,98850.69,3011981.4,Pan India
2025-01-24,AD003,Placements,LinkedIn,22–27 Age,87341,6016,1290,669,315,35138.72,2092169.31,East India
2025-01-25,AD003,Placements,LinkedIn,22–27 Age,184938,6118,1450,865,478,132226.89,1439934.34,North India
2025-01-26,AD003,Placements,LinkedIn,22–27 Age,63670,3261,779,463,260,57921.04,1810450.96,North India
2025-01-27,AD003,Placements,LinkedIn,17–21 Age,182711,13431,2341,1427,816,123017.03,5356819.38,North India
2025-01-28,AD003,Placements,LinkedIn,17–21 Age,228212,18002,4371,2526,1404,140065.3,6510695.7,South India
2025-01-29,AD003,Placements,LinkedIn,25–35 Age,258910,20306,3105,1415,615,196117.34,4520782.34,East India
2025-01-30,AD003,Placements,LinkedIn,17–21 Age,90143,2803,540,314,175,40656.59,1007449.12,Pan India
2025-01-31,AD003,Placements,LinkedIn,22–27 Age,85144,3382,587,296,155,42903.25,564840.05,Pan India
2025-02-01,AD003,Placements,LinkedIn,25–35 Age,247492,18132,4384,2710,1613,189072.19,6367802.47,East India
2025-02-02,AD003,Placements,LinkedIn,25–35 Age,131901,8460,1385,816,412,123943.03,2536624.06,East India
2025-02-03,AD003,Placements,LinkedIn,25–35 Age,228466,8425,1286,782,385,169210.25,1194707.96,East India
2025-02-04,AD003,Placements,LinkedIn,17–21 Age,224736,14914,3722,2167,1264,217968.09,3957313.4,West India
2025-02-05,AD003,Placements,LinkedIn,25–35 Age,169022,13204,3261,1590,892,147597.12,2727577.06,West India
2025-02-06,AD003,Placements,LinkedIn,17–21 Age,171440,12089,2871,1782,734,118811.98,2681533.2,North India
2025-02-07,AD003,Placements,LinkedIn,25–35 Age,157459,9897,2312,1209,650,142696.95,2825372.26,North India
2025-02-08,AD003,Placements,LinkedIn,22–27 Age,65423,3275,709,417,179,31628.24,642830.89,Pan India
2025-02-09,AD003,Placements,LinkedIn,25–35 Age,194699,6867,1321,634,310,138099.75,2251050.92,East India
2025-02-10,AD003,Placements,LinkedIn,17–21 Age,258921,15451,3155,1580,846,123848.52,2990116.79,South India
2025-02-11,AD003,Placements,LinkedIn,22–27 Age,127232,9034,1736,1112,517,111616.5,3367905.35,East India
2025-02-12,AD003,Placements,LinkedIn,17–21 Age,183701,10838,1745,807,469,163799.75,2978652.97,Pan India
2025-02-13,AD003,Placements,LinkedIn,17–21 Age,61637,4452,790,460,264,35763.23,1837127.99,South India
2025-02-14,AD003,Placements,LinkedIn,17–21 Age,115475,6434,1594,911,456,55074.85,1536942.26,East India
2025-02-15,AD003,Placements,LinkedIn,17–21 Age,242487,10557,1644,940,476,137455.2,2658068.14,North India
2025-02-16,AD003,Placements,LinkedIn,25–35 Age,236585,7923,1495,848,467,129801.04,3083695.93,East India
2025-02-17,AD003,Placements,LinkedIn,22–27 Age,109605,8284,1935,1132,663,61086.21,2830034.76,Pan India
2025-02-18,AD003,Placements,LinkedIn,17–21 Age,59185,4390,1044,588,283,39767.6,1548093.27,North India
2025-02-19,AD003,Placements,LinkedIn,17–21 Age,183593,5650,1015,541,288,78874.38,867564.82,Pan India
2025-02-20,AD003,Placements,LinkedIn,22–27 Age,115658,6141,1182,685,302,81667.73,2031836.19,South India
2025-02-21,AD003,Placements,LinkedIn,25–35 Age,125536,6373,1242,763,414,81484.23,3091570.59,South India
2025-02-22,AD003,Placements,LinkedIn,25–35 Age,279784,19574,4822,2939,1343,143229.35,6633392.34,North India
2025-02-23,AD003,Placements,LinkedIn,22–27 Age,141610,8320,1667,1053,595,71547.48,4297339.82,South India
2025-02-24,AD003,Placements,LinkedIn,25–35 Age,145064,7505,1364,661,346,74277.51,1181975.04,South India
2025-02-25,AD003,Placements,LinkedIn,17–21 Age,298028,20642,4696,2781,1630,284889.28,11577295.93,East India
2025-02-26,AD003,Placements,LinkedIn,22–27 Age,82925,5003,1088,544,317,49214.3,2410736.98,East India
2025-02-27,AD003,Placements,LinkedIn,22–27 Age,113983,4651,940,445,184,79830.66,692151.2,North India
2025-02-28,AD003,Placements,LinkedIn,25–35 Age,103093,3235,665,347,181,70779.6,1258576.42,North India
2025-03-01,AD003,Placements,LinkedIn,17–21 Age,53653,2463,459,282,149,37104.88,1030118.97,East India
2025-03-02,AD003,Placements,LinkedIn,17–21 Age,231442,13709,2805,1555,749,207424.01,4028445.09,West India
2025-03-03,AD003,Placements,LinkedIn,25–35 Age,134246,8250,1329,727,429,78289.58,2346719.0,West India
2025-03-04,AD003,Placements,LinkedIn,17–21 Age,131176,5409,1273,750,449,67190.07,3326521.1,South India
2025-03-05,AD003,Placements,LinkedIn,25–35 Age,75507,4191,800,373,220,68079.25,1653602.64,South India
2025-03-06,AD003,Placements,LinkedIn,22–27 Age,188977,11714,2647,1690,798,113365.21,5029867.79,East India
2025-03-07,AD003,Placements,LinkedIn,22–27 Age,252677,9888,1997,964,578,105630.8,3700568.66,North India
2025-03-08,AD003,Placements,LinkedIn,17–21 Age,146366,8269,1633,979,429,108116.05,2625145.22,East India
2025-03-09,AD003,Placements,LinkedIn,25–35 Age,134757,6182,1265,682,294,74426.89,1368570.59,West India
2025-03-10,AD003,Placements,LinkedIn,22–27 Age,258417,18909,4020,2269,1059,140621.96,7367765.46,North India
2025-03-11,AD003,Placements,LinkedIn,22–27 Age,209874,11904,2886,1634,908,156283.1,4945752.52,Pan India
2025-03-12,AD003,Placements,LinkedIn,17–21 Age,142999,4752,762,444,200,92318.66,795253.41,Pan India
2025-03-13,AD003,Placements,LinkedIn,17–21 Age,250958,19914,4316,2505,1303,101670.82,4200194.37,Pan India
2025-03-14,AD003,Placements,LinkedIn,22–27 Age,286615,14860,3405,1582,809,174370.56,6056441.37,North India
2025-03-15,AD003,Placements,LinkedIn,17–21 Age,184520,9112,2248,1022,476,93561.23,2941652.56,North India
2025-03-16,AD003,Placements,LinkedIn,22–27 Age,143329,8242,2029,1135,533,135105.23,2328047.63,Pan India
2025-03-17,AD003,Placements,LinkedIn,17–21 Age,265195,10327,2049,1182,589,179628.87,4703747.8,South India
2025-03-18,AD003,Placements,LinkedIn,17–21 Age,122661,9777,2435,1113,594,87088.41,4550062.67,South India
2025-03-19,AD003,Placements,LinkedIn,25–35 Age,256063,19097,2939,1547,914,201254.06,5172875.5,East India
2025-03-20,AD003,Placements,LinkedIn,22–27 Age,107546,4153,907,465,194,97757.51,602706.81,West India
2025-03-21,AD003,Placements,LinkedIn,25–35 Age,171811,7500,1283,812,351,97292.61,2485360.11,Pan India
2025-03-22,AD003,Placements,LinkedIn,25–35 Age,299755,10495,1933,948,547,136254.79,3682668.74,East India
2025-03-23,AD003,Placements,LinkedIn,25–35 Age,196757,9869,2126,1008,595,188439.06,4032011.13,North India
2025-03-24,AD003,Placements,LinkedIn,22–27 Age,99084,7882,1585,875,446,56260.32,3403228.57,Pan India
2025-03-25,AD003,Placements,LinkedIn,22–27 Age,151038,4667,856,417,238,81008.29,1443400.51,Pan India
2025-03-26,AD003,Placements,LinkedIn,22–27 Age,261569,10863,2582,1521,869,245885.34,3687397.28,Pan India
2025-03-27,AD003,Placements,LinkedIn,22–27 Age,242681,16801,3043,1834,1029,237908.01,7686272.07,Pan India
2025-03-28,AD003,Placements,LinkedIn,17–21 Age,141344,6626,1362,827,451,134141.85,1833931.99,South India
2025-03-29,AD003,Placements,LinkedIn,22–27 Age,229820,11047,2019,1120,565,204934.93,2057874.91,East India
2025-03-30,AD003,Placements,LinkedIn,25–35 Age,67576,2896,633,348,156,59665.14,761451.63,North India
2025-03-31,AD003,Placements,LinkedIn,22–27 Age,203412,13404,3282,1607,645,201828.55,2389203.56,North India
2025-04-01,AD003,Placements,LinkedIn,22–27 Age,188004,6449,1209,590,328,130079.38,1460235.88,West India
2025-04-02,AD003,Placements,LinkedIn,22–27 Age,126338,5512,1277,670,387,68197.68,1772957.17,Pan India
2025-04-03,AD003,Placements,LinkedIn,22–27 Age,183191,6099,1415,770,397,74337.41,1467961.39,North India
2025-04-04,AD003,Placements,LinkedIn,22–27 Age,84849,3217,556,340,176,58482.3,1379402.49,Pan India
2025-04-05,AD003,Placements,LinkedIn,25–35 Age,197504,8509,1516,789,455,104867.15,3305228.65,Pan India
2025-04-06,AD003,Placements,LinkedIn,25–35 Age,69154,4707,1042,628,284,35916.58,1254290.1,West India
2025-04-07,AD003,Placements,LinkedIn,22–27 Age,289761,22640,4750,2972,1259,178162.37,4800373.55,Pan India
2025-04-08,AD003,Placements,LinkedIn,22–27 Age,110803,4456,876,468,219,101061.77,951963.17,North India
2025-04-09,AD003,Placements,LinkedIn,22–27 Age,239425,15902,2926,1870,851,148342.78,5872468.48,North India
2025-04-10,AD003,Placements,LinkedIn,17–21 Age,70240,5540,925,577,307,40196.1,1662472.27,South India
2025-04-11,AD003,Placements,LinkedIn,25–35 Age,138678,6834,1173,590,294,98499.51,1157268.05,East India
2025-04-12,AD003,Placements,LinkedIn,22–27 Age,263247,19300,3627,2251,1126,214028.74,8518494.32,West India
2025-04-13,AD003,Placements,LinkedIn,17–21 Age,171458,10003,1964,1248,648,93164.51,4778046.81,East India
2025-04-14,AD003,Placements,LinkedIn,22–27 Age,172696,13622,2087,1215,682,172286.34,4380214.3,North India
2025-04-15,AD003,Placements,LinkedIn,17–21 Age,254916,18774,2891,1575,935,166572.55,5819811.44,Pan India
2025-04-16,AD003,Placements,LinkedIn,17–21 Age,297311,12824,2266,1065,566,177196.19,4455320.86,South India
2025-04-17,AD003,Placements,LinkedIn,22–27 Age,187876,14537,3326,1964,1057,100656.39,4478372.76,Pan India
2025-04-18,AD003,Placements,LinkedIn,17–21 Age,286470,17503,2821,1744,734,214086.95,2364928.66,South India
2025-04-19,AD003,Placements,LinkedIn,22–27 Age,162404,11970,2624,1217,633,107823.72,4731468.72,Pan India
2025-04-20,AD003,Placements,LinkedIn,25–35 Age,70773,2354,502,320,137,37944.95,641296.64,South India
2025-04-21,AD003,Placements,LinkedIn,25–35 Age,92159,7283,1706,985,420,83018.34,3155986.73,West India
2025-04-22,AD003,Placements,LinkedIn,17–21 Age,214210,12044,2322,1116,510,92410.0,4047072.48,East India
2025-04-23,AD003,Placements,LinkedIn,17–21 Age,89597,3957,914,497,220,56902.12,917613.33,East India
2025-04-24,AD003,Placements,LinkedIn,22–27 Age,219815,15931,2530,1544,888,106057.04,6164863.67,Pan India
2025-04-25,AD003,Placements,LinkedIn,17–21 Age,155800,6865,1272,765,363,69361.47,1831892.26,East India
2025-04-26,AD003,Placements,LinkedIn,25–35 Age,78865,2545,595,378,152,70156.08,1136108.87,Pan India
2025-04-27,AD003,Placements,LinkedIn,25–35 Age,106441,7731,1827,1072,449,93059.67,1626663.82,Pan India
2025-04-28,AD003,Placements,LinkedIn,22–27 Age,108582,6075,1445,861,472,61991.73,2863429.47,South India
2025-04-29,AD003,Placements,LinkedIn,22–27 Age,203313,15538,2353,1144,655,145045.48,4987053.71,West India
2025-04-30,AD003,Placements,LinkedIn,25–35 Age,220384,8142,1402,907,369,152034.62,2102559.65,Pan India
2025-05-01,AD002,MBA Admission,Facebook,21–35 Age,240139,11309,1987,1165,696,180456.12,4208817.85,Pan India
2025-05-01,AD003,Placements,LinkedIn,22–27 Age,289903,22942,4003,2536,1136,276281.53,6468438.06,East India
2025-05-02,AD002,MBA Admission,Facebook,21–35 Age,145953,6934,1681,974,435,80170.2,2531628.96,West India
2025-05-02,AD003,Placements,LinkedIn,17–21 Age,224774,8087,1510,927,437,144246.98,2806122.06,Pan India
2025-05-03,AD002,MBA Admission,Facebook,21–35 Age,125764,4601,978,630,302,67771.58,2349380.39,North India
2025-05-03,AD003,Placements,LinkedIn,22–27 Age,283215,9156,1720,956,382,274488.3,1491751.11,East India
2025-05-04,AD002,MBA Admission,Facebook,21–35 Age,254360,11109,2734,1480,668,226644.84,2792259.85,North India
2025-05-04,AD003,Placements,LinkedIn,25–35 Age,67770,4813,744,355,155,62523.21,1032514.49,South India
2025-05-05,AD002,MBA Admission,Facebook,21–35 Age,208578,12706,2381,1311,655,116823.1,2987311.77,West India
2025-05-05,AD003,Placements,LinkedIn,22–27 Age,104892,8197,1255,616,347,51518.58,2149275.48,East India
2025-05-06,AD002,MBA Admission,Facebook,21–35 Age,174201,12488,2889,1838,796,133968.34,4993434.23,West India
2025-05-06,AD003,Placements,LinkedIn,22–27 Age,204932,9551,2028,1175,688,119604.48,2530463.62,South India
2025-05-07,AD002,MBA Admission,Facebook,21–35 Age,281251,18428,4606,2913,1585,223349.7,7253636.47,Pan India
2025-05-07,AD003,Placements,LinkedIn,22–27 Age,126647,7408,1738,883,464,97271.17,1785615.46,Pan India
2025-05-08,AD002,MBA Admission,Facebook,21–35 Age,97979,3175,583,301,168,58564.33,529563.73,East India
2025-05-08,AD003,Placements,LinkedIn,25–35 Age,154994,5796,1347,863,431,121038.69,2196417.22,South India
2025-05-09,AD002,MBA Admission,Facebook,21–35 Age,258980,19662,3598,1763,758,228071.85,4909073.61,North India
2025-05-09,AD003,Placements,LinkedIn,22–27 Age,108431,6177,1134,595,240,100523.61,897404.11,East India
2025-05-10,AD002,MBA Admission,Facebook,21–35 Age,51259,3592,541,312,131,24423.78,722680.3,Pan India
2025-05-10,AD003,Placements,LinkedIn,22–27 Age,128908,5068,994,535,273,101891.88,1320648.36,Pan India
2025-05-11,AD002,MBA Admission,Facebook,21–35 Age,107884,5598,1238,596,240,51643.69,862353.37,South India
2025-05-11,AD003,Placements,LinkedIn,22–27 Age,281759,18036,3182,2035,1042,149263.62,7035403.19,Pan India
2025-05-12,AD002,MBA Admission,Facebook,21–35 Age,109219,6309,1002,621,302,80141.73,1535750.35,Pan India
2025-05-12,AD003,Placements,LinkedIn,17–21 Age,56655,3075,664,314,152,22689.88,1129547.78,Pan India
2025-05-13,AD002,MBA Admission,Facebook,21–35 Age,127468,5926,1247,622,336,101926.37,1859496.88,North India
2025-05-13,AD003,Placements,LinkedIn,22–27 Age,263989,20499,4960,3112,1581,241710.75,10422582.66,East India
2025-05-14,AD002,MBA Admission,Facebook,21–35 Age,216556,14437,2858,1623,754,187567.69,2602263.33,North India
2025-05-14,AD003,Placements,LinkedIn,25–35 Age,176419,6312,1409,877,517,156086.32,3922073.17,North India
2025-05-15,AD002,MBA Admission,Facebook,21–35 Age,104288,4814,768,360,179,86527.19,937902.93,West India
2025-05-15,AD003,Placements,LinkedIn,25–35 Age,246319,18568,2933,1874,956,223803.59,5348861.97,Pan India
2025-05-16,AD002,MBA Admission,Facebook,21–35 Age,272620,19195,3980,1800,723,190013.67,4634332.36,East India
2025-05-16,AD003,Placements,LinkedIn,17–21 Age,135416,9754,1804,831,444,111777.17,2526118.07,West India
2025-05-17,AD002,MBA Admission,Facebook,21–35 Age,205846,16047,2839,1461,602,109111.63,3266642.53,Pan India
2025-05-17,AD003,Placements,LinkedIn,17–21 Age,277369,9937,2473,1558,780,197982.71,4085031.86,West India
2025-05-18,AD002,MBA Admission,Facebook,21–35 Age,73028,3043,537,345,157,45541.08,698667.79,North India
2025-05-18,AD003,Placements,LinkedIn,17–21 Age,154431,8758,1526,770,401,67378.69,3182834.15,South India
2025-05-19,AD002,MBA Admission,Facebook,21–35 Age,129271,8596,1731,909,413,61223.52,3212616.4,East India
2025-05-19,AD003,Placements,LinkedIn,25–35 Age,294707,9304,1777,925,464,171711.35,1435655.76,Pan India
2025-05-20,AD002,MBA Admission,Facebook,21–35 Age,163842,7426,1233,778,374,74194.66,2531863.85,North India
2025-05-20,AD003,Placements,LinkedIn,25–35 Age,170906,10548,1817,1173,608,123281.41,2911291.7,Pan India
2025-05-21,AD002,MBA Admission,Facebook,21–35 Age,61054,3895,951,543,240,25073.99,1266941.77,Pan India
2025-05-21,AD003,Placements,LinkedIn,22–27 Age,121352,4064,696,357,180,54958.71,941034.3,South India
2025-05-22,AD002,MBA Admission,Facebook,21–35 Age,109881,4764,991,450,232,99134.91,1580447.82,North India
2025-05-22,AD003,Placements,LinkedIn,17–21 Age,228338,16682,2885,1390,593,202855.34,4698879.46,Pan India
2025-05-23,AD002,MBA Admission,Facebook,21–35 Age,138950,8247,1433,743,371,87585.26,2275198.26,East India
2025-05-23,AD003,Placements,LinkedIn,25–35 Age,81571,6335,1288,609,288,69379.64,1003969.21,North India
2025-05-24,AD002,MBA Admission,Facebook,21–35 Age,261935,11611,1967,1027,604,209519.18,3096991.33,North India
2025-05-24,AD003,Placements,LinkedIn,22–27 Age,107849,6825,1489,749,394,81201.03,1255931.71,Pan India
2025-05-25,AD002,MBA Admission,Facebook,21–35 Age,199889,7676,1181,628,295,160449.25,1422894.37,East India
2025-05-25,AD003,Placements,LinkedIn,17–21 Age,221701,9472,2148,1063,587,167627.5,3363822.07,North India
2025-05-26,AD002,MBA Admission,Facebook,21–35 Age,95432,7312,1525,799,461,75781.68,2142553.82,Pan India
2025-05-26,AD003,Placements,LinkedIn,25–35 Age,258060,19102,4745,2505,1316,149089.16,8726521.35,Pan India
2025-05-27,AD002,MBA Admission,Facebook,21–35 Age,161958,8826,1937,906,520,70025.64,3944515.61,North India
2025-05-27,AD003,Placements,LinkedIn,22–27 Age,298878,16202,3092,1903,1055,156885.58,7149953.98,West India
2025-05-28,AD002,MBA Admission,Facebook,21–35 Age,107903,3524,729,457,206,103430.57,1353200.37,West India
2025-05-28,AD003,Placements,LinkedIn,22–27 Age,173020,10599,1880,1217,720,77910.38,3240631.4,North India
2025-05-29,AD002,MBA Admission,Facebook,21–35 Age,208326,16547,2535,1311,579,128714.62,2105892.51,West India
2025-05-29,AD003,Placements,LinkedIn,17–21 Age,254367,11373,2455,1286,523,144783.34,3534997.28,Pan India
2025-05-30,AD002,MBA Admission,Facebook,21–35 Age,221642,16515,3805,2059,1044,213043.67,5794495.52,East India
2025-05-30,AD003,Placements,LinkedIn,22–27 Age,171248,12218,1850,1118,623,161173.5,4380151.08,West India
2025-05-31,AD002,MBA Admission,Facebook,21–35 Age,172441,10888,1929,985,439,111414.3,2807015.16,Pan India
2025-05-31,AD003,Placements,LinkedIn,22–27 Age,79898,3387,708,348,144,46053.63,664446.17,North India
2025-06-01,AD002,MBA Admission,Facebook,21–35 Age,179655,5969,1158,725,292,107637.78,1673092.65,East India
2025-06-02,AD002,MBA Admission,Facebook,21–35 Age,112007,7687,1249,590,333,69690.34,1849660.24,Pan India
2025-06-03,AD002,MBA Admission,Facebook,21–35 Age,77080,2952,558,255,145,53641.08,668676.1,East India
2025-06-04,AD002,MBA Admission,Facebook,21–35 Age,247271,13740,2356,1075,541,224942.73,3479855.38,Pan India
2025-06-05,AD002,MBA Admission,Facebook,21–35 Age,228774,15253,3595,2264,989,192239.45,3767177.71,West India
2025-06-06,AD002,MBA Admission,Facebook,21–35 Age,140336,10973,2525,1411,738,101941.71,3405726.7,West India
2025-06-07,AD002,MBA Admission,Facebook,21–35 Age,255443,9636,2306,1082,528,108919.31,1641515.54,South India
2025-06-08,AD002,MBA Admission,Facebook,21–35 Age,153084,4907,999,538,307,97654.25,1586488.03,North India
2025-06-09,AD002,MBA Admission,Facebook,21–35 Age,114699,4802,801,375,175,79599.73,1126490.56,South India
2025-06-10,AD002,MBA Admission,Facebook,21–35 Age,228607,11316,2761,1577,831,199079.5,5513047.86,West India
2025-06-11,AD002,MBA Admission,Facebook,21–35 Age,115246,7658,1593,756,338,111946.04,2482396.52,South India
2025-06-12,AD002,MBA Admission,Facebook,21–35 Age,265508,9396,1593,898,489,184408.86,2219084.95,West India
2025-06-13,AD002,MBA Admission,Facebook,21–35 Age,52092,2486,570,350,191,35363.69,1423038.59,South India
2025-06-14,AD002,MBA Admission,Facebook,21–35 Age,287149,12655,2180,1116,601,241881.98,4227409.95,East India
2025-06-15,AD002,MBA Admission,Facebook,21–35 Age,149833,7012,1494,738,297,131425.41,1614620.18,West India
2025-06-16,AD002,MBA Admission,Facebook,21–35 Age,255927,12698,2565,1291,774,163441.21,4081467.0,West India
2025-06-17,AD002,MBA Admission,Facebook,21–35 Age,234335,11764,1932,992,435,164277.08,1544374.71,East India
2025-06-18,AD002,MBA Admission,Facebook,21–35 Age,146202,11655,2425,1140,460,79710.71,2166582.31,North India
2025-06-19,AD002,MBA Admission,Facebook,21–35 Age,169807,5900,1002,543,271,167493.6,1293759.11,West India
2025-06-20,AD002,MBA Admission,Facebook,21–35 Age,51060,2259,559,276,121,41121.18,556625.17,Pan India
2025-06-21,AD002,MBA Admission,Facebook,21–35 Age,299910,23654,5219,2461,1471,147276.92,7040894.91,East India
2025-06-22,AD002,MBA Admission,Facebook,21–35 Age,118757,6909,1251,711,363,97100.84,2733839.18,East India
2025-06-23,AD002,MBA Admission,Facebook,21–35 Age,215965,16744,3264,1645,772,138966.8,3706914.65,Pan India
2025-06-24,AD002,MBA Admission,Facebook,21–35 Age,251296,15390,3332,1741,721,235593.68,5070650.21,Pan India
2025-06-25,AD002,MBA Admission,Facebook,21–35 Age,58479,3449,525,332,138,36555.38,944561.57,Pan India
2025-06-26,AD002,MBA Admission,Facebook,21–35 Age,89905,4837,875,550,241,51333.26,1062504.38,Pan India
2025-06-27,AD002,MBA Admission,Facebook,21–35 Age,92090,5092,879,474,260,84474.07,1445950.1,Pan India
2025-06-28,AD002,MBA Admission,Facebook,21–35 Age,118966,6945,1680,1063,602,86687.2,1924916.2,North India
2025-06-29,AD002,MBA Admission,Facebook,21–35 Age,54787,2701,414,256,108,23226.4,639599.7,Pan India
2025-06-30,AD002,MBA Admission,Facebook,21–35 Age,81314,3799,757,427,191,47760.64,1085518.31,East India
2025-07-01,AD002,MBA Admission,Facebook,21–35 Age,92036,5655,1370,718,314,63223.93,1366952.36,Pan India
2025-07-02,AD002,MBA Admission,Facebook,21–35 Age,269403,18663,4144,2502,1360,150891.95,8181786.32,South India
2025-07-03,AD002,MBA Admission,Facebook,21–35 Age,56759,4315,975,572,279,47812.04,1401844.34,Pan India
2025-07-04,AD002,MBA Admission,Facebook,21–35 Age,294725,14169,3083,1956,783,267573.94,2450851.61,East India
2025-07-05,AD002,MBA Admission,Facebook,21–35 Age,284349,9408,1926,1228,734,145135.47,3166144.83,Pan India
2025-07-06,AD002,MBA Admission,Facebook,21–35 Age,215773,11011,2592,1638,787,114990.31,3955862.49,East India
2025-07-07,AD002,MBA Admission,Facebook,21–35 Age,265814,18135,3413,1802,979,178983.87,4945617.34,Pan India
2025-07-08,AD002,MBA Admission,Facebook,21–35 Age,254425,11942,2510,1384,700,163582.32,5486851.24,North India
2025-07-09,AD002,MBA Admission,Facebook,21–35 Age,259369,9336,2252,1107,588,154589.95,3499060.17,South India
2025-07-10,AD002,MBA Admission,Facebook,21–35 Age,221044,13069,2745,1298,558,160690.05,3236187.64,North India
2025-07-11,AD002,MBA Admission,Facebook,21–35 Age,94706,5747,890,494,278,65416.27,2144560.42,Pan India
2025-07-12,AD002,MBA Admission,Facebook,21–35 Age,176503,10957,1846,985,397,145083.42,1468396.6,East India
2025-07-13,AD002,MBA Admission,Facebook,21–35 Age,237358,14516,2484,1272,548,133175.25,4227791.02,South India
2025-07-14,AD002,MBA Admission,Facebook,21–35 Age,50848,3877,825,405,190,43221.5,1323600.99,West India
2025-07-15,AD002,MBA Admission,Facebook,21–35 Age,96272,7109,1160,673,373,61170.4,1645196.91,Pan India
2025-07-16,AD002,MBA Admission,Facebook,21–35 Age,163136,7760,1293,616,309,81536.18,1996807.57,South India
2025-07-17,AD002,MBA Admission,Facebook,21–35 Age,224881,13220,2919,1678,726,209811.4,4054985.75,South India
2025-07-18,AD002,MBA Admission,Facebook,21–35 Age,107896,6609,1436,892,459,104215.29,2367563.22,East India
2025-07-19,AD002,MBA Admission,Facebook,21–35 Age,100529,3042,580,326,173,52428.0,1269806.24,East India
2025-07-20,AD002,MBA Admission,Facebook,21–35 Age,59847,4601,734,338,157,24579.52,524652.69,North India
2025-07-21,AD002,MBA Admission,Facebook,21–35 Age,183044,9780,2113,1094,518,149648.03,2135225.13,East India
2025-07-22,AD002,MBA Admission,Facebook,21–35 Age,295519,20154,3461,1995,1138,221471.19,8555769.92,North India
2025-07-23,AD002,MBA Admission,Facebook,21–35 Age,102281,7277,1524,814,398,41674.82,2247547.73,North India
2025-07-24,AD002,MBA Admission,Facebook,21–35 Age,69228,2248,378,231,127,47888.71,980730.14,North India
2025-07-25,AD002,MBA Admission,Facebook,21–35 Age,195078,11378,2824,1362,720,101190.07,4473021.84,North India
2025-07-26,AD002,MBA Admission,Facebook,21–35 Age,98148,6924,1556,839,415,82010.11,2689713.42,East India
2025-07-27,AD002,MBA Admission,Facebook,21–35 Age,288669,16685,2685,1692,697,197363.38,2266273.4,West India
2025-07-28,AD002,MBA Admission,Facebook,21–35 Age,228940,7307,1297,812,445,100965.24,1835902.46,South India
2025-07-29,AD002,MBA Admission,Facebook,21–35 Age,103373,6280,1324,665,319,91234.94,1337659.86,Pan India
2025-07-30,AD002,MBA Admission,Facebook,21–35 Age,183663,7335,1401,843,357,159534.43,2405412.18,Pan India
2025-07-31,AD002,MBA Admission,Facebook,21–35 Age,125289,5916,1354,610,295,81381.38,2009705.99,North India
2025-08-01,AD002,MBA Admission,Facebook,21–35 Age,82289,2865,627,344,153,72603.02,791070.5,Pan India
2025-08-02,AD002,MBA Admission,Facebook,21–35 Age,122204,4702,1151,571,334,64654.83,1107200.51,South India
2025-08-03,AD002,MBA Admission,Facebook,21–35 Age,282568,20991,3160,1720,1027,254928.95,4693041.45,North India
2025-08-04,AD002,MBA Admission,Facebook,21–35 Age,276741,8329,2013,1048,550,241422.3,3218248.07,West India
2025-08-05,AD002,MBA Admission,Facebook,21–35 Age,276190,8837,1345,850,400,258734.91,1603909.43,West India
2025-08-06,AD002,MBA Admission,Facebook,21–35 Age,157823,7462,1653,1051,551,152142.2,2267468.26,West India
2025-08-07,AD002,MBA Admission,Facebook,21–35 Age,168164,12919,3045,1753,778,141390.11,3060297.73,West India
2025-08-08,AD002,MBA Admission,Facebook,21–35 Age,196818,10477,1940,1106,531,148549.07,4182575.02,South India
2025-08-09,AD002,MBA Admission,Facebook,21–35 Age,87549,4272,877,466,259,55978.68,1264912.83,North India
2025-08-10,AD002,MBA Admission,Facebook,21–35 Age,209975,7033,1633,987,489,104015.44,3787589.47,West India
2025-08-11,AD002,MBA Admission,Facebook,21–35 Age,248579,16137,3772,2122,1032,155529.26,3706021.15,North India
2025-08-12,AD002,MBA Admission,Facebook,21–35 Age,105929,6513,1176,544,290,45471.22,1842642.34,North India
2025-08-13,AD002,MBA Admission,Facebook,21–35 Age,285906,22490,5143,2920,1595,142184.53,5142498.68,North India
2025-08-14,AD002,MBA Admission,Facebook,21–35 Age,114829,6699,1279,675,334,87179.3,2116901.47,West India
2025-08-15,AD002,MBA Admission,Facebook,21–35 Age,139439,8820,2115,1244,610,68482.23,2965372.21,East India
2025-08-16,AD002,MBA Admission,Facebook,21–35 Age,156143,12051,2488,1574,776,67878.95,6203499.93,North India
2025-08-17,AD002,MBA Admission,Facebook,21–35 Age,240812,8480,1398,794,351,97560.76,2504594.84,East India
2025-08-18,AD002,MBA Admission,Facebook,21–35 Age,138243,8910,1845,909,537,101458.77,3422258.08,South India
2025-08-19,AD002,MBA Admission,Facebook,21–35 Age,218087,9347,2279,1102,475,204860.79,2934887.01,East India
2025-08-20,AD002,MBA Admission,Facebook,21–35 Age,120567,7874,1738,882,513,85980.89,2514070.68,East India
2025-08-21,AD002,MBA Admission,Facebook,21–35 Age,60672,4419,871,435,245,51458.58,887743.91,North India
2025-08-22,AD002,MBA Admission,Facebook,21–35 Age,100402,5050,816,428,214,59444.37,833256.71,South India
2025-08-23,AD002,MBA Admission,Facebook,21–35 Age,182510,10026,2101,1067,537,125713.35,3892044.05,East India
2025-08-24,AD002,MBA Admission,Facebook,21–35 Age,91784,5762,1342,834,453,53692.75,2444731.5,East India
2025-08-25,AD002,MBA Admission,Facebook,21–35 Age,277958,10817,2519,1222,546,258352.11,3167583.01,West India
2025-08-26,AD002,MBA Admission,Facebook,21–35 Age,192183,10955,1911,982,531,99989.22,2721879.68,South India
2025-08-27,AD002,MBA Admission,Facebook,21–35 Age,263391,15760,2389,1303,686,138918.72,3426291.48,West India
2025-08-28,AD002,MBA Admission,Facebook,21–35 Age,272021,16255,3053,1496,719,201326.36,2668478.92,Pan India
2025-08-29,AD002,MBA Admission,Facebook,21–35 Age,156442,5047,1081,616,364,81569.7,1780402.59,North India
2025-08-30,AD002,MBA Admission,Facebook,21–35 Age,247071,14991,3641,1717,746,196671.42,5676011.44,North India
2025-08-31,AD002,MBA Admission,Facebook,21–35 Age,250143,13827,2421,1432,812,246806.14,4206184.57,East India
2025-09-01,AD002,MBA Admission,Facebook,21–35 Age,107058,3243,768,451,183,93964.07,1201913.08,South India
2025-09-02,AD002,MBA Admission,Facebook,21–35 Age,70747,4626,1107,534,275,61069.08,943623.62,South India
2025-09-03,AD002,MBA Admission,Facebook,21–35 Age,239227,14680,3320,1838,874,144170.21,6122970.76,Pan India
2025-09-04,AD002,MBA Admission,Facebook,21–35 Age,205200,14587,2970,1688,853,110816.95,5569954.66,East India
2025-09-05,AD002,MBA Admission,Facebook,21–35 Age,281976,15138,3583,1682,882,184334.8,5829281.55,South India
2025-09-06,AD002,MBA Admission,Facebook,21–35 Age,137599,10631,2329,1429,624,116671.7,1995280.37,Pan India
2025-09-07,AD002,MBA Admission,Facebook,21–35 Age,197813,9162,1467,664,331,126646.91,2242704.03,North India
2025-09-08,AD002,MBA Admission,Facebook,21–35 Age,183517,8806,1894,1152,607,156011.44,3701255.37,West India
2025-09-09,AD002,MBA Admission,Facebook,21–35 Age,92749,6844,1354,704,396,68351.57,1710346.58,East India
2025-09-10,AD002,MBA Admission,Facebook,21–35 Age,242936,9558,1983,1172,687,221405.22,3264776.12,South India
2025-09-11,AD002,MBA Admission,Facebook,21–35 Age,99617,3517,638,340,165,43282.33,505160.33,East India
2025-09-12,AD002,MBA Admission,Facebook,21–35 Age,76637,3191,733,446,203,74481.25,656000.98,Pan India
2025-09-13,AD002,MBA Admission,Facebook,21–35 Age,166151,7773,1561,853,511,164748.2,4031732.04,East India
2025-09-14,AD002,MBA Admission,Facebook,21–35 Age,107335,5840,883,548,311,91579.99,1951223.87,West India
2025-09-15,AD002,MBA Admission,Facebook,21–35 Age,132078,9148,2250,1070,580,89794.27,2201670.15,South India
2025-09-16,AD002,MBA Admission,Facebook,21–35 Age,101493,6771,1085,554,279,77121.89,992341.27,West India
2025-09-17,AD002,MBA Admission,Facebook,21–35 Age,111983,6950,1441,658,268,90692.09,1466996.16,North India
2025-09-18,AD002,MBA Admission,Facebook,21–35 Age,215192,7975,1358,818,362,93531.85,2116994.93,North India
2025-09-19,AD002,MBA Admission,Facebook,21–35 Age,261009,19792,4855,2851,1191,193741.4,8258758.73,Pan India
2025-09-20,AD002,MBA Admission,Facebook,21–35 Age,197776,11695,1855,1099,619,120118.79,3111027.07,Pan India
2025-09-21,AD002,MBA Admission,Facebook,21–35 Age,272006,16516,2535,1364,637,121243.02,4131056.57,Pan India
2025-09-22,AD002,MBA Admission,Facebook,21–35 Age,130283,4990,834,405,218,106682.68,987967.58,Pan India
2025-09-23,AD002,MBA Admission,Facebook,21–35 Age,135555,6016,1132,528,291,61223.53,2126629.76,North India
2025-09-24,AD002,MBA Admission,Facebook,21–35 Age,170800,9993,1997,1153,565,123954.87,3933314.72,North India
2025-09-25,AD002,MBA Admission,Facebook,21–35 Age,216281,12275,2743,1436,761,153644.3,4620519.83,Pan India
2025-09-26,AD002,MBA Admission,Facebook,21–35 Age,288814,15144,3229,1667,717,184629.3,5541722.66,East India
2025-09-27,AD002,MBA Admission,Facebook,21–35 Age,63287,2103,392,234,105,40525.23,774682.1,West India
2025-09-28,AD002,MBA Admission,Facebook,21–35 Age,84362,5530,851,502,294,70942.7,1046903.01,South India
2025-09-29,AD002,MBA Admission,Facebook,21–35 Age,183268,7046,1579,810,481,179224.85,2698270.88,East India
2025-09-30,AD002,MBA Admission,Facebook,21–35 Age,262678,8632,1659,1014,452,114033.33,3043417.73,South India
2025-10-01,AD002,MBA Admission,Facebook,21–35 Age,96963,4818,1033,523,239,77182.98,921080.74,West India
2025-10-02,AD002,MBA Admission,Facebook,21–35 Age,238932,17897,3400,1696,835,154238.89,3986006.43,South India
2025-10-03,AD002,MBA Admission,Facebook,21–35 Age,86613,4270,804,520,293,81879.25,2002746.27,South India
2025-10-04,AD002,MBA Admission,Facebook,21–35 Age,133105,6571,1269,758,414,125866.36,2149460.89,East India
2025-10-05,AD002,MBA Admission,Facebook,21–35 Age,277734,16825,4065,1971,1056,248427.75,5043350.97,North India
2025-10-06,AD002,MBA Admission,Facebook,21–35 Age,116985,8242,1752,845,384,92101.9,2994088.87,West India
2025-10-07,AD002,MBA Admission,Facebook,21–35 Age,229002,17513,3683,2365,1189,161077.87,9344118.66,East India
2025-10-08,AD002,MBA Admission,Facebook,21–35 Age,190424,10827,2153,1389,633,105225.0,3490888.31,Pan India
2025-10-09,AD002,MBA Admission,Facebook,21–35 Age,110972,4268,982,454,200,97229.71,1191628.0,East India
2025-10-10,AD002,MBA Admission,Facebook,21–35 Age,90691,6497,1168,594,242,54234.25,815080.48,Pan India
2025-10-11,AD002,MBA Admission,Facebook,21–35 Age,58157,3232,534,257,110,53956.0,475326.81,East India
2025-10-12,AD002,MBA Admission,Facebook,21–35 Age,135976,10257,1702,1092,457,95285.12,1968745.07,Pan India
2025-10-13,AD002,MBA Admission,Facebook,21–35 Age,75257,2399,411,199,112,34218.43,450838.11,East India
2025-10-14,AD002,MBA Admission,Facebook,21–35 Age,198364,13118,1984,1175,480,91490.04,2452250.17,West India
2025-10-15,AD002,MBA Admission,Facebook,21–35 Age,295919,17609,3372,1885,798,153865.02,5620586.36,West India
2025-10-16,AD002,MBA Admission,Facebook,21–35 Age,219192,9561,2253,1253,681,111858.16,2520660.98,East India
2025-10-17,AD002,MBA Admission,Facebook,21–35 Age,274932,19134,4243,2579,1097,235450.39,5481451.67,North India
2025-10-18,AD002,MBA Admission,Facebook,21–35 Age,73891,5322,940,560,325,30551.39,1890046.69,East India
2025-10-19,AD002,MBA Admission,Facebook,21–35 Age,78968,2541,471,249,121,54841.39,399316.55,North India
2025-10-20,AD002,MBA Admission,Facebook,21–35 Age,260789,14483,2729,1300,685,217576.56,2824586.55,West India
2025-10-21,AD002,MBA Admission,Facebook,21–35 Age,134380,6252,1300,685,354,132525.26,2665107.49,South India
2025-10-22,AD002,MBA Admission,Facebook,21–35 Age,287916,10349,1738,838,398,115613.02,1867784.24,Pan India
2025-10-23,AD002,MBA Admission,Facebook,21–35 Age,216575,12444,2477,1587,674,147196.81,4576963.63,East India
2025-10-24,AD002,MBA Admission,Facebook,21–35 Age,71172,4222,908,490,236,46274.85,1760206.67,North India
2025-10-25,AD002,MBA Admission,Facebook,21–35 Age,198682,8609,1832,1094,574,80603.11,1777848.23,South India
2025-10-26,AD002,MBA Admission,Facebook,21–35 Age,87021,6502,1617,998,494,46482.66,2244803.69,Pan India
2025-10-27,AD002,MBA Admission,Facebook,21–35 Age,277676,18342,3757,2032,1017,242232.32,5399981.27,South India
2025-10-28,AD002,MBA Admission,Facebook,21–35 Age,132019,9429,2004,1029,542,129503.53,3403497.0,West India
2025-10-29,AD002,MBA Admission,Facebook,21–35 Age,89527,5616,865,507,215,79011.86,1224216.24,West India
2025-10-30,AD002,MBA Admission,Facebook,21–35 Age,232419,17670,3031,1638,975,200506.15,7007981.3,East India
2025-10-31,AD002,MBA Admission,Facebook,21–35 Age,267804,19472,4863,2431,1100,251059.32,6675311.68,Pan India
